#
# There is insufficient memory for the Java Runtime Environment to continue.
# Native memory allocation (malloc) failed to allocate 1153936 bytes for Chunk::new
# Possible reasons:
#   The system is out of physical RAM or swap space
#   The process is running with CompressedOops enabled, and the Java Heap may be blocking the growth of the native heap
# Possible solutions:
#   Reduce memory load on the system
#   Increase physical memory or swap space
#   Check if swap backing store is full
#   Decrease Java heap size (-Xmx/-Xms)
#   Decrease number of Java threads
#   Decrease Java thread stack sizes (-Xss)
#   Set larger code cache with -XX:ReservedCodeCacheSize=
#   JVM is running with Unscaled Compressed Oops mode in which the Java heap is
#     placed in the first 4GB address space. The Java Heap base address is the
#     maximum limit for the native heap growth. Please use -XX:HeapBaseMinAddress
#     to set the Java Heap base and to place the Java Heap above 4GB virtual address.
# This output file may be truncated or incomplete.
#
#  Out of Memory Error (arena.cpp:189), pid=46208, tid=8128
#
# JRE version: Java(TM) SE Runtime Environment (17.0.9+11) (build 17.0.9+11-LTS-201)
# Java VM: Java HotSpot(TM) 64-Bit Server VM (17.0.9+11-LTS-201, mixed mode, sharing, tiered, compressed oops, compressed class ptrs, g1 gc, windows-amd64)
# No core dump will be written. Minidumps are not enabled by default on client versions of Windows
#

---------------  S U M M A R Y ------------

Command Line: --add-opens=java.base/java.lang=ALL-UNNAMED --add-opens=java.base/java.lang.invoke=ALL-UNNAMED --add-opens=java.base/java.util=ALL-UNNAMED --add-opens=java.prefs/java.util.prefs=ALL-UNNAMED --add-exports=jdk.compiler/com.sun.tools.javac.api=ALL-UNNAMED --add-exports=jdk.compiler/com.sun.tools.javac.util=ALL-UNNAMED --add-opens=java.base/java.util=ALL-UNNAMED --add-opens=java.prefs/java.util.prefs=ALL-UNNAMED --add-opens=java.base/java.nio.charset=ALL-UNNAMED --add-opens=java.base/java.net=ALL-UNNAMED --add-opens=java.base/java.util.concurrent.atomic=ALL-UNNAMED --add-opens=java.xml/javax.xml.namespace=ALL-UNNAMED -XX:MaxMetaspaceSize=512m -Xmx2048m -Dfile.encoding=GBK -Duser.country=CN -Duser.language=zh -Duser.variant -javaagent:C:\Users\34975\.gradle\wrapper\dists\gradle-8.13-bin\5xuhj0ry160q40clulazy9h7d\gradle-8.13\lib\agents\gradle-instrumentation-agent-8.13.jar org.gradle.launcher.daemon.bootstrap.GradleDaemon 8.13

Host: 13th Gen Intel(R) Core(TM) i9-13900HX, 32 cores, 15G,  Windows 11 , 64 bit Build 26100 (10.0.26100.5074)
Time: Sat Oct 18 03:30:27 2025  Windows 11 , 64 bit Build 26100 (10.0.26100.5074) elapsed time: 151.233319 seconds (0d 0h 2m 31s)

---------------  T H R E A D  ---------------

Current thread (0x00000204b97724e0):  JavaThread "C2 CompilerThread3" daemon [_thread_in_native, id=8128, stack(0x000000d1a6000000,0x000000d1a6100000)]


Current CompileTask:
C2: 151233 32322       4       com.intellij.psi.stubs.StubBase::<init> (106 bytes)

Stack: [0x000000d1a6000000,0x000000d1a6100000]
Native frames: (J=compiled Java code, j=interpreted, Vv=VM code, C=native code)
V  [jvm.dll+0x678a4a]
V  [jvm.dll+0x7d9cfd]
V  [jvm.dll+0x7db60e]
V  [jvm.dll+0x7dbc73]
V  [jvm.dll+0x245e1f]
V  [jvm.dll+0xaaafb]
V  [jvm.dll+0xab09c]
V  [jvm.dll+0x36232f]
V  [jvm.dll+0x1bb94a]
V  [jvm.dll+0x218287]
V  [jvm.dll+0x217561]
V  [jvm.dll+0x1a3bc0]
V  [jvm.dll+0x2272de]
V  [jvm.dll+0x22548b]
V  [jvm.dll+0x78f58c]
V  [jvm.dll+0x78998a]
V  [jvm.dll+0x677875]
C  [ucrtbase.dll+0x37b0]
C  [KERNEL32.DLL+0x2e8d7]
C  [ntdll.dll+0x8d9c]


---------------  P R O C E S S  ---------------

Threads class SMR info:
_java_thread_list=0x00000204ab279050, length=522, elements={
0x00000204e45db1b0, 0x00000204ff532c00, 0x00000204ff5334d0, 0x0000020486918640,
0x0000020486918f10, 0x000002048691dc00, 0x000002048691e4d0, 0x00000204869220f0,
0x0000020486922a00, 0x0000020486924050, 0x0000020486a67ec0, 0x0000020486b91410,
0x00000204a6d9ec80, 0x00000204a8622500, 0x00000204a8605c50, 0x00000204a76acae0,
0x00000204a8b2bcd0, 0x00000204a7d848d0, 0x00000204a8b2ceb0, 0x00000204a86db440,
0x00000204a86ea180, 0x00000204a86eb0b0, 0x00000204a86ed420, 0x00000204a86ebfe0,
0x00000204a86ed930, 0x00000204a86eaba0, 0x00000204a86eb5c0, 0x00000204a86ebad0,
0x00000204a86ec4f0, 0x00000204a86eca00, 0x00000204a86ecf10, 0x00000204a8d6cf00,
0x00000204a8d6d920, 0x00000204a8d6c9f0, 0x00000204a8d6bfd0, 0x00000204a8d6ed60,
0x00000204a8d6c4e0, 0x00000204a8d70bc0, 0x00000204a8d6f270, 0x00000204a8d715e0,
0x00000204a8d71af0, 0x00000204a8d72510, 0x00000204a8d72000, 0x00000204a8d72a20,
0x00000204a8d701a0, 0x00000204a8d6f780, 0x00000204a8d710d0, 0x00000204a8d6fc90,
0x00000204a8d706b0, 0x00000204ace79820, 0x00000204ace78e00, 0x00000204ace783e0,
0x00000204ace76070, 0x00000204ace779c0, 0x00000204ace76a90, 0x00000204ace79d30,
0x00000204ace79310, 0x00000204ace774b0, 0x00000204ace76580, 0x00000204ace788f0,
0x00000204ace7a240, 0x00000204ace7a750, 0x00000204ace76fa0, 0x00000204ace7ac60,
0x00000204ace7b170, 0x00000204ace7b680, 0x00000204ace77ed0, 0x00000204ace7bb90,
0x00000204ace7c5b0, 0x00000204ace7c0a0, 0x00000204ace7cac0, 0x00000204ace7cfd0,
0x00000204ace7d4e0, 0x00000204ace7d9f0, 0x00000204ac811700, 0x00000204ac814490,
0x00000204ac8149a0, 0x00000204ac8153c0, 0x00000204ac813560, 0x00000204ac814eb0,
0x00000204ac811c10, 0x00000204ac812120, 0x00000204ac812b40, 0x00000204ac8158d0,
0x00000204ac812630, 0x00000204ac815de0, 0x00000204ac816800, 0x00000204ac813a70,
0x00000204ac8162f0, 0x00000204ac813050, 0x00000204ac816d10, 0x00000204ac817220,
0x00000204ac817730, 0x00000204ac813f80, 0x00000204ac818660, 0x00000204ac817c40,
0x00000204ac818b70, 0x00000204ac819080, 0x00000204ac818150, 0x00000204acb66ea0,
0x00000204acb66480, 0x00000204acb65040, 0x00000204acb64b30, 0x00000204acb678c0,
0x00000204acb64110, 0x00000204acb68d00, 0x00000204acb67dd0, 0x00000204acb682e0,
0x00000204acb687f0, 0x00000204acb69210, 0x00000204acb69720, 0x00000204acb6ab60,
0x00000204acb6a650, 0x00000204acb6b070, 0x00000204acb6b580, 0x00000204aa572890,
0x00000204aa572da0, 0x00000204aa571e70, 0x00000204aa571960, 0x00000204aa570520,
0x00000204aa570a30, 0x00000204aa570f40, 0x00000204aa56f5f0, 0x00000204aa571450,
0x00000204aa572380, 0x00000204aa5732b0, 0x00000204aa56fb00, 0x00000204aa5737c0,
0x00000204aa570010, 0x00000204aa574c00, 0x00000204aa576040, 0x00000204aa573cd0,
0x00000204aa576f70, 0x00000204aa5741e0, 0x00000204aa576550, 0x00000204aa5746f0,
0x00000204aa575110, 0x00000204aa575620, 0x00000204aa575b30, 0x00000204aa576a60,
0x00000204a7eb6570, 0x00000204a7eb88e0, 0x00000204a7eb79b0, 0x00000204a7eb74a0,
0x00000204a7eb8df0, 0x00000204a7eb6f90, 0x00000204a7eb83d0, 0x00000204a7eb9810,
0x00000204a7eb9300, 0x00000204a7eb7ec0, 0x00000204a7eb6060, 0x00000204ab804e50,
0x00000204ab803a10, 0x00000204ab803f20, 0x00000204ab805870, 0x00000204ab806290,
0x00000204ab8067a0, 0x00000204ab8071c0, 0x00000204ab805360, 0x00000204ab806cb0,
0x00000204ab804940, 0x00000204ab805d80, 0x00000204ab804430, 0x00000204aac6c2f0,
0x00000204aac69a70, 0x00000204aac6c800, 0x00000204aac6bde0, 0x00000204aac6a490,
0x00000204aac6a9a0, 0x00000204aac69560, 0x00000204aac6b3c0, 0x00000204aac69f80,
0x00000204aac6cd10, 0x00000204aac6d730, 0x00000204aac6aeb0, 0x00000204aac6dc40,
0x00000204aac6d220, 0x00000204aac6e150, 0x00000204aac6e660, 0x00000204aac6eb70,
0x00000204aac6f080, 0x00000204aac6b8d0, 0x00000204aac6faa0, 0x00000204aac6f590,
0x00000204aac6ffb0, 0x00000204aac704c0, 0x00000204aac709d0, 0x00000204aac70ee0,
0x00000204ab409ff0, 0x00000204ab40aa10, 0x00000204ab40af20, 0x00000204ab40b430,
0x00000204ab40c360, 0x00000204ab408bb0, 0x00000204ab40be50, 0x00000204ab40b940,
0x00000204ab40a500, 0x00000204ab40c870, 0x00000204ab4095d0, 0x00000204ab4090c0,
0x00000204ab40cd80, 0x00000204ab40d290, 0x00000204ab409ae0, 0x00000204ab410020,
0x00000204ab40f0f0, 0x00000204ab40ebe0, 0x00000204ab40d7a0, 0x00000204ab410530,
0x00000204ab40dcb0, 0x00000204ab40e1c0, 0x00000204ab40f600, 0x00000204ab40e6d0,
0x00000204ab40fb10, 0x00000204a7a4f550, 0x00000204a7a4e110, 0x00000204a7a4fa60,
0x00000204a7a4d6f0, 0x00000204a7a4e620, 0x00000204a7a4c7c0, 0x00000204a7a4ff70,
0x00000204a7a4d1e0, 0x00000204a7a4dc00, 0x00000204a7a4eb30, 0x00000204a7a4f040,
0x00000204a7a4ccd0, 0x00000204a7a50990, 0x00000204a7a527f0, 0x00000204a7a52d00,
0x00000204a7a522e0, 0x00000204a7a53c30, 0x00000204a7a51dd0, 0x00000204a7a54140,
0x00000204a7a53720, 0x00000204a7a53210, 0x00000204a7a54650, 0x00000204a7a50ea0,
0x00000204a7a54b60, 0x00000204a7a513b0, 0x00000204a7a58310, 0x00000204a7a56ed0,
0x00000204a7a569c0, 0x00000204a7a57e00, 0x00000204a7a58820, 0x00000204a7a55070,
0x00000204a7a58d30, 0x00000204a7a573e0, 0x00000204a7a578f0, 0x00000204a7a55580,
0x00000204a7a59240, 0x00000204a7a55a90, 0x00000204a7a59750, 0x00000204a7a55fa0,
0x00000204a7a59c60, 0x00000204a7a564b0, 0x00000204a7a5bac0, 0x00000204a7a5a680,
0x00000204a7a5a170, 0x00000204a7a5b0a0, 0x00000204a7a5ab90, 0x00000204a7a5b5b0,
0x00000204a7a5bfd0, 0x00000204a9a204a0, 0x00000204a9a1ff90, 0x00000204a9a209b0,
0x00000204a9a20ec0, 0x00000204a9a1fa80, 0x00000204a9a1f570, 0x00000204a9a213d0,
0x00000204a9a218e0, 0x00000204a9a21df0, 0x00000204a9a22300, 0x00000204a9a22810,
0x00000204a9a1f060, 0x00000204a9a25090, 0x00000204a9a25ab0, 0x00000204a9a25fc0,
0x00000204a9a23740, 0x00000204a9a23c50, 0x00000204a9a22d20, 0x00000204a9a23230,
0x00000204a9a24160, 0x00000204a9a269e0, 0x00000204a9a27400, 0x00000204a9a26ef0,
0x00000204a9a24b80, 0x00000204a9a264d0, 0x00000204a9a255a0, 0x00000204a9a27e20,
0x00000204a9a27910, 0x00000204a9a24670, 0x00000204a9a2b5d0, 0x00000204a9a29c80,
0x00000204a9a2b0c0, 0x00000204a9a2a6a0, 0x00000204a9a2a190, 0x00000204a9a2bae0,
0x00000204a9a28330, 0x00000204a9a2abb0, 0x00000204a9a2bff0, 0x00000204a9a28840,
0x00000204a9a2c500, 0x00000204a9a29260, 0x00000204a9a28d50, 0x00000204a9a2ca10,
0x00000204a9a2cf20, 0x00000204a9a29770, 0x00000204a9a2e360, 0x00000204a9a2d430,
0x00000204a9a2d940, 0x00000204a9a2de50, 0x00000204a9a2e870, 0x00000204a8397140,
0x00000204a8397b60, 0x00000204a8398070, 0x00000204a83948c0, 0x00000204a8394dd0,
0x00000204a8397650, 0x00000204a83957f0, 0x00000204a83952e0, 0x00000204a8396c30,
0x00000204a8398580, 0x00000204a8398a90, 0x00000204a8398fa0, 0x00000204a83994b0,
0x00000204a8396210, 0x00000204a8395d00, 0x00000204a8399ed0, 0x00000204a8396720,
0x00000204a839c750, 0x00000204a839bd30, 0x00000204a839a3e0, 0x00000204a839b310,
0x00000204a83999c0, 0x00000204a839e0a0, 0x00000204a839b820, 0x00000204a839ae00,
0x00000204a839c240, 0x00000204a839d680, 0x00000204a839cc60, 0x00000204a839d170,
0x00000204a839db90, 0x00000204a839a8f0, 0x00000204a839e5b0, 0x00000204a83a1850,
0x00000204a839f9f0, 0x00000204a839eac0, 0x00000204a83a0920, 0x00000204a83a0410,
0x00000204a83a0e30, 0x00000204a83a1340, 0x00000204a83a36b0, 0x00000204ad87b2e0,
0x00000204ad87a3b0, 0x00000204ad878f70, 0x00000204ad879480, 0x00000204ad87bd00,
0x00000204ad87b7f0, 0x00000204ad878550, 0x00000204ad87c720, 0x00000204ad87c210,
0x00000204ad87cc30, 0x00000204ad87d140, 0x00000204ad879990, 0x00000204ad87d650,
0x00000204ad87db60, 0x00000204ad87e070, 0x00000204ad87a8c0, 0x00000204ad87efa0,
0x00000204ad87f4b0, 0x00000204ad8808f0, 0x00000204ad880e00, 0x00000204ad8803e0,
0x00000204ad881820, 0x00000204ad881310, 0x00000204ad881d30, 0x00000204ad87e580,
0x00000204ad87f9c0, 0x00000204ad87fed0, 0x00000204ad882240, 0x00000204ad87ea90,
0x00000204ad885f00, 0x00000204ad883680, 0x00000204ad8859f0, 0x00000204ad882750,
0x00000204ad8854e0, 0x00000204ad886410, 0x00000204ad882c60, 0x00000204ad886920,
0x00000204ad883170, 0x00000204ad886e30, 0x00000204ad884ac0, 0x00000204ad887340,
0x00000204ad883b90, 0x00000204ad887850, 0x00000204ad8840a0, 0x00000204ad887d60,
0x00000204ad8845b0, 0x00000204ad884fd0, 0x00000204a8d6e340, 0x00000204a8d6b0a0,
0x00000204a7a50480, 0x00000204a839ff00, 0x00000204ad776580, 0x00000204ad776070,
0x00000204ad776fa0, 0x00000204ad77a240, 0x00000204ad779d30, 0x00000204ad7774b0,
0x00000204ad7788f0, 0x00000204ad778e00, 0x00000204ad776a90, 0x00000204ad779820,
0x00000204ad77ac60, 0x00000204ad7779c0, 0x00000204ad77c0a0, 0x00000204ad77e410,
0x00000204ad77c5b0, 0x00000204ad77b680, 0x00000204ad77d4e0, 0x00000204ad77cac0,
0x00000204ad77ee30, 0x00000204ad77f340, 0x00000204ad77f850, 0x00000204ad783f30,
0x00000204ad7820d0, 0x00000204ad783000, 0x00000204ad783a20, 0x00000204ad784440,
0x00000204ad7862a0, 0x00000204ad785d90, 0x00000204ad785370, 0x00000204ad788100,
0x00000204ad784950, 0x00000204ad7867b0, 0x00000204ad786cc0, 0x00000204ad7871d0,
0x00000204ad7876e0, 0x00000204ad787bf0, 0x00000204ad788610, 0x00000204ad784e60,
0x00000204ad789a50, 0x00000204ad789030, 0x00000204ad789f60, 0x00000204ad788b20,
0x00000204ad789540, 0x00000204ad78d200, 0x00000204ad78b3a0, 0x00000204ad78ccf0,
0x00000204ad78c7e0, 0x00000204ad78a470, 0x00000204ad78d710, 0x00000204ad78b8b0,
0x00000204ad78bdc0, 0x00000204ad78dc20, 0x00000204ad78ae90, 0x00000204ad78c2d0,
0x00000204ad78a980, 0x00000204ad7909b0, 0x00000204ad78f060, 0x00000204ad78e640,
0x00000204ad7904a0, 0x00000204ad78ff90, 0x00000204ad78fa80, 0x00000204ad7913d0,
0x00000204ad791df0, 0x00000204ad792300, 0x00000204ad78eb50, 0x00000204ad7955a0,
0x00000204ad792810, 0x00000204ad793740, 0x00000204ad793c50, 0x00000204ad794670,
0x00000204ad795ab0, 0x00000204ad792d20, 0x00000204ad795090, 0x00000204ad793230,
0x00000204acb6a140, 0x00000204a83a40d0, 0x00000204ad878a60, 0x00000204b865e1d0,
0x00000204b865e6e0, 0x00000204b865dcc0, 0x00000204b865d7b0, 0x00000204b865ebf0,
0x00000204b8660030, 0x00000204b865cd90, 0x00000204b865f100, 0x00000204b865f610,
0x00000204b8660a50, 0x00000204b865fb20, 0x00000204b8660540, 0x00000204b865d2a0,
0x00000204b86632d0, 0x00000204b8661470, 0x00000204b86623a0, 0x00000204b8663cf0,
0x00000204b8660f60, 0x00000204b8664710, 0x00000204b86637e0, 0x00000204b8662dc0,
0x00000204b86628b0, 0x00000204b8661e90, 0x00000204b8661980, 0x00000204b8666a80,
0x00000204b8666f90, 0x00000204b86674a0, 0x00000204b8666060, 0x00000204b86679b0,
0x00000204b8665130, 0x00000204b866bb80, 0x00000204b8668df0, 0x00000204b866b670,
0x00000204b866cab0, 0x00000204b8669810, 0x00000204b8669300, 0x00000204b5510f50,
0x00000204b5510a00, 0x00000204aa0b0a70, 0x00000204ad5f2080, 0x00000204b97724e0,
0x00000204b9771f90, 0x00000204b3764ea0
}

Java Threads: ( => current thread )
  0x00000204e45db1b0 JavaThread "main" [_thread_blocked, id=41400, stack(0x000000d1a4700000,0x000000d1a4800000)]
  0x00000204ff532c00 JavaThread "Reference Handler" daemon [_thread_blocked, id=10876, stack(0x000000d1a4e00000,0x000000d1a4f00000)]
  0x00000204ff5334d0 JavaThread "Finalizer" daemon [_thread_blocked, id=32304, stack(0x000000d1a4f00000,0x000000d1a5000000)]
  0x0000020486918640 JavaThread "Signal Dispatcher" daemon [_thread_blocked, id=34404, stack(0x000000d1a5000000,0x000000d1a5100000)]
  0x0000020486918f10 JavaThread "Attach Listener" daemon [_thread_blocked, id=47792, stack(0x000000d1a5100000,0x000000d1a5200000)]
  0x000002048691dc00 JavaThread "Service Thread" daemon [_thread_blocked, id=1316, stack(0x000000d1a5200000,0x000000d1a5300000)]
  0x000002048691e4d0 JavaThread "Monitor Deflation Thread" daemon [_thread_blocked, id=44476, stack(0x000000d1a5300000,0x000000d1a5400000)]
  0x00000204869220f0 JavaThread "C2 CompilerThread0" daemon [_thread_in_native, id=9008, stack(0x000000d1a5400000,0x000000d1a5500000)]
  0x0000020486922a00 JavaThread "C1 CompilerThread0" daemon [_thread_blocked, id=33392, stack(0x000000d1a5500000,0x000000d1a5600000)]
  0x0000020486924050 JavaThread "Sweeper thread" daemon [_thread_blocked, id=34260, stack(0x000000d1a5600000,0x000000d1a5700000)]
  0x0000020486a67ec0 JavaThread "Common-Cleaner" daemon [_thread_blocked, id=35296, stack(0x000000d1a5900000,0x000000d1a5a00000)]
  0x0000020486b91410 JavaThread "Notification Thread" daemon [_thread_blocked, id=21256, stack(0x000000d1a5b00000,0x000000d1a5c00000)]
  0x00000204a6d9ec80 JavaThread "Daemon health stats" [_thread_blocked, id=41356, stack(0x000000d1a6700000,0x000000d1a6800000)]
  0x00000204a8622500 JavaThread "Incoming local TCP Connector on port 56545" [_thread_in_native, id=15164, stack(0x000000d1a6800000,0x000000d1a6900000)]
  0x00000204a8605c50 JavaThread "Daemon periodic checks" [_thread_blocked, id=36720, stack(0x000000d1a6900000,0x000000d1a6a00000)]
  0x00000204a76acae0 JavaThread "Daemon" [_thread_blocked, id=15628, stack(0x000000d1a6a00000,0x000000d1a6b00000)]
  0x00000204a8b2bcd0 JavaThread "Handler for socket connection from /127.0.0.1:56545 to /127.0.0.1:56546" [_thread_in_native, id=47088, stack(0x000000d1a6b00000,0x000000d1a6c00000)]
  0x00000204a7d848d0 JavaThread "Cancel handler" [_thread_blocked, id=8692, stack(0x000000d1a6c00000,0x000000d1a6d00000)]
  0x00000204a8b2ceb0 JavaThread "Daemon worker" [_thread_blocked, id=34948, stack(0x000000d1a6d00000,0x000000d1a6e00000)]
  0x00000204a86db440 JavaThread "Asynchronous log dispatcher for DefaultDaemonConnection: socket connection from /127.0.0.1:56545 to /127.0.0.1:56546" [_thread_blocked, id=17004, stack(0x000000d1a6e00000,0x000000d1a6f00000)]
  0x00000204a86ea180 JavaThread "Stdin handler" [_thread_blocked, id=13592, stack(0x000000d1a6f00000,0x000000d1a7000000)]
  0x00000204a86eb0b0 JavaThread "Daemon client event forwarder" [_thread_blocked, id=20240, stack(0x000000d1a7000000,0x000000d1a7100000)]
  0x00000204a86ed420 JavaThread "Cache worker for journal cache (C:\Users\34975\.gradle\caches\journal-1)" [_thread_blocked, id=6044, stack(0x000000d1a7100000,0x000000d1a7200000)]
  0x00000204a86ebfe0 JavaThread "File lock request listener" [_thread_in_native, id=23608, stack(0x000000d1a7200000,0x000000d1a7300000)]
  0x00000204a86ed930 JavaThread "Cache worker for file hash cache (C:\Users\34975\.gradle\caches\8.13\fileHashes)" [_thread_blocked, id=45852, stack(0x000000d1a7300000,0x000000d1a7400000)]
  0x00000204a86eaba0 JavaThread "Cache worker for file hash cache (D:\tec_share\monorepo1\apps\app-rn\android\.gradle\8.13\fileHashes)" [_thread_blocked, id=21476, stack(0x000000d1a5f00000,0x000000d1a6000000)]
  0x00000204a86eb5c0 JavaThread "Cache worker for Build Output Cleanup Cache (D:\tec_share\monorepo1\apps\app-rn\android\.gradle\buildOutputCleanup)" [_thread_blocked, id=31248, stack(0x000000d1a7400000,0x000000d1a7500000)]
  0x00000204a86ebad0 JavaThread "File watcher server" daemon [_thread_in_native, id=48172, stack(0x000000d1a8b00000,0x000000d1a8c00000)]
  0x00000204a86ec4f0 JavaThread "File watcher consumer" daemon [_thread_blocked, id=38984, stack(0x000000d1a8c00000,0x000000d1a8d00000)]
  0x00000204a86eca00 JavaThread "jar transforms" [_thread_blocked, id=47240, stack(0x000000d1a8e00000,0x000000d1a8f00000)]
  0x00000204a86ecf10 JavaThread "Cache worker for checksums cache (D:\tec_share\monorepo1\apps\app-rn\android\.gradle\8.13\checksums)" [_thread_blocked, id=29700, stack(0x000000d1a8f00000,0x000000d1a9000000)]
  0x00000204a8d6cf00 JavaThread "Cache worker for file content cache (C:\Users\34975\.gradle\caches\8.13\fileContent)" [_thread_blocked, id=23220, stack(0x000000d1a9000000,0x000000d1a9100000)]
  0x00000204a8d6d920 JavaThread "Cache worker for cache directory md-supplier (C:\Users\34975\.gradle\caches\8.13\md-supplier)" [_thread_blocked, id=42588, stack(0x000000d1a9100000,0x000000d1a9200000)]
  0x00000204a8d6c9f0 JavaThread "Cache worker for cache directory md-rule (C:\Users\34975\.gradle\caches\8.13\md-rule)" [_thread_blocked, id=27424, stack(0x000000d1a9200000,0x000000d1a9300000)]
  0x00000204a8d6bfd0 JavaThread "Cache worker for Build Output Cleanup Cache (D:\tec_share\monorepo1\node_modules\@react-native\gradle-plugin\.gradle\buildOutputCleanup)" [_thread_blocked, id=14396, stack(0x000000d1a9300000,0x000000d1a9400000)]
  0x00000204a8d6ed60 JavaThread "Unconstrained build operations" [_thread_blocked, id=2336, stack(0x000000d1a9400000,0x000000d1a9500000)]
  0x00000204a8d6c4e0 JavaThread "Unconstrained build operations Thread 2" [_thread_blocked, id=33596, stack(0x000000d1a9500000,0x000000d1a9600000)]
  0x00000204a8d70bc0 JavaThread "Unconstrained build operations Thread 3" [_thread_blocked, id=15516, stack(0x000000d1a9600000,0x000000d1a9700000)]
  0x00000204a8d6f270 JavaThread "Unconstrained build operations Thread 4" [_thread_blocked, id=37436, stack(0x000000d1a9700000,0x000000d1a9800000)]
  0x00000204a8d715e0 JavaThread "Unconstrained build operations Thread 5" [_thread_blocked, id=44260, stack(0x000000d1a9800000,0x000000d1a9900000)]
  0x00000204a8d71af0 JavaThread "Unconstrained build operations Thread 6" [_thread_blocked, id=33776, stack(0x000000d1a9900000,0x000000d1a9a00000)]
  0x00000204a8d72510 JavaThread "Unconstrained build operations Thread 7" [_thread_blocked, id=36828, stack(0x000000d1a5e00000,0x000000d1a5f00000)]
  0x00000204a8d72000 JavaThread "Unconstrained build operations Thread 8" [_thread_blocked, id=6512, stack(0x000000d1a8d00000,0x000000d1a8e00000)]
  0x00000204a8d72a20 JavaThread "Unconstrained build operations Thread 9" [_thread_blocked, id=27768, stack(0x000000d1a9a00000,0x000000d1a9b00000)]
  0x00000204a8d701a0 JavaThread "Unconstrained build operations Thread 10" [_thread_blocked, id=12712, stack(0x000000d1a9b00000,0x000000d1a9c00000)]
  0x00000204a8d6f780 JavaThread "Unconstrained build operations Thread 11" [_thread_blocked, id=47640, stack(0x000000d1a9c00000,0x000000d1a9d00000)]
  0x00000204a8d710d0 JavaThread "Unconstrained build operations Thread 12" [_thread_blocked, id=5108, stack(0x000000d1a9d00000,0x000000d1a9e00000)]
  0x00000204a8d6fc90 JavaThread "Unconstrained build operations Thread 13" [_thread_blocked, id=47880, stack(0x000000d1a9e00000,0x000000d1a9f00000)]
  0x00000204a8d706b0 JavaThread "Unconstrained build operations Thread 14" [_thread_blocked, id=22724, stack(0x000000d1a9f00000,0x000000d1aa000000)]
  0x00000204ace79820 JavaThread "Unconstrained build operations Thread 15" [_thread_blocked, id=32076, stack(0x000000d1aa000000,0x000000d1aa100000)]
  0x00000204ace78e00 JavaThread "Unconstrained build operations Thread 16" [_thread_blocked, id=41604, stack(0x000000d1aa100000,0x000000d1aa200000)]
  0x00000204ace783e0 JavaThread "Unconstrained build operations Thread 17" [_thread_blocked, id=45968, stack(0x000000d1aa200000,0x000000d1aa300000)]
  0x00000204ace76070 JavaThread "Unconstrained build operations Thread 18" [_thread_blocked, id=25996, stack(0x000000d1aa300000,0x000000d1aa400000)]
  0x00000204ace779c0 JavaThread "Unconstrained build operations Thread 19" [_thread_blocked, id=8124, stack(0x000000d1aa400000,0x000000d1aa500000)]
  0x00000204ace76a90 JavaThread "Unconstrained build operations Thread 20" [_thread_blocked, id=27988, stack(0x000000d1aa500000,0x000000d1aa600000)]
  0x00000204ace79d30 JavaThread "Unconstrained build operations Thread 21" [_thread_blocked, id=48824, stack(0x000000d1aa600000,0x000000d1aa700000)]
  0x00000204ace79310 JavaThread "Unconstrained build operations Thread 22" [_thread_blocked, id=44848, stack(0x000000d1aa700000,0x000000d1aa800000)]
  0x00000204ace774b0 JavaThread "Unconstrained build operations Thread 23" [_thread_blocked, id=27800, stack(0x000000d1aa800000,0x000000d1aa900000)]
  0x00000204ace76580 JavaThread "Unconstrained build operations Thread 24" [_thread_blocked, id=21368, stack(0x000000d1aa900000,0x000000d1aaa00000)]
  0x00000204ace788f0 JavaThread "Unconstrained build operations Thread 25" [_thread_blocked, id=6160, stack(0x000000d1aaa00000,0x000000d1aab00000)]
  0x00000204ace7a240 JavaThread "Unconstrained build operations Thread 26" [_thread_blocked, id=21308, stack(0x000000d1aab00000,0x000000d1aac00000)]
  0x00000204ace7a750 JavaThread "Unconstrained build operations Thread 27" [_thread_blocked, id=20320, stack(0x000000d1aac00000,0x000000d1aad00000)]
  0x00000204ace76fa0 JavaThread "Unconstrained build operations Thread 28" [_thread_blocked, id=45348, stack(0x000000d1aad00000,0x000000d1aae00000)]
  0x00000204ace7ac60 JavaThread "Unconstrained build operations Thread 29" [_thread_blocked, id=22792, stack(0x000000d1aae00000,0x000000d1aaf00000)]
  0x00000204ace7b170 JavaThread "Unconstrained build operations Thread 30" [_thread_blocked, id=25948, stack(0x000000d1aaf00000,0x000000d1ab000000)]
  0x00000204ace7b680 JavaThread "Unconstrained build operations Thread 31" [_thread_blocked, id=43160, stack(0x000000d1ab000000,0x000000d1ab100000)]
  0x00000204ace77ed0 JavaThread "Unconstrained build operations Thread 32" [_thread_blocked, id=14136, stack(0x000000d1ab100000,0x000000d1ab200000)]
  0x00000204ace7bb90 JavaThread "Unconstrained build operations Thread 33" [_thread_blocked, id=43896, stack(0x000000d1ab200000,0x000000d1ab300000)]
  0x00000204ace7c5b0 JavaThread "Unconstrained build operations Thread 34" [_thread_blocked, id=6168, stack(0x000000d1ab300000,0x000000d1ab400000)]
  0x00000204ace7c0a0 JavaThread "Unconstrained build operations Thread 35" [_thread_blocked, id=35976, stack(0x000000d1ab400000,0x000000d1ab500000)]
  0x00000204ace7cac0 JavaThread "Unconstrained build operations Thread 36" [_thread_blocked, id=37296, stack(0x000000d1ab500000,0x000000d1ab600000)]
  0x00000204ace7cfd0 JavaThread "Unconstrained build operations Thread 37" [_thread_blocked, id=44656, stack(0x000000d1ab600000,0x000000d1ab700000)]
  0x00000204ace7d4e0 JavaThread "Unconstrained build operations Thread 38" [_thread_blocked, id=37508, stack(0x000000d1ab700000,0x000000d1ab800000)]
  0x00000204ace7d9f0 JavaThread "Unconstrained build operations Thread 39" [_thread_blocked, id=13944, stack(0x000000d1ab800000,0x000000d1ab900000)]
  0x00000204ac811700 JavaThread "Unconstrained build operations Thread 40" [_thread_blocked, id=42020, stack(0x000000d1ab900000,0x000000d1aba00000)]
  0x00000204ac814490 JavaThread "Unconstrained build operations Thread 41" [_thread_blocked, id=3000, stack(0x000000d1aba00000,0x000000d1abb00000)]
  0x00000204ac8149a0 JavaThread "Unconstrained build operations Thread 42" [_thread_blocked, id=37112, stack(0x000000d1abb00000,0x000000d1abc00000)]
  0x00000204ac8153c0 JavaThread "Unconstrained build operations Thread 43" [_thread_blocked, id=25096, stack(0x000000d1abc00000,0x000000d1abd00000)]
  0x00000204ac813560 JavaThread "Unconstrained build operations Thread 44" [_thread_blocked, id=35368, stack(0x000000d1abd00000,0x000000d1abe00000)]
  0x00000204ac814eb0 JavaThread "Unconstrained build operations Thread 45" [_thread_blocked, id=3336, stack(0x000000d1abe00000,0x000000d1abf00000)]
  0x00000204ac811c10 JavaThread "Unconstrained build operations Thread 46" [_thread_blocked, id=33908, stack(0x000000d1abf00000,0x000000d1ac000000)]
  0x00000204ac812120 JavaThread "Unconstrained build operations Thread 47" [_thread_blocked, id=47896, stack(0x000000d1ac000000,0x000000d1ac100000)]
  0x00000204ac812b40 JavaThread "Unconstrained build operations Thread 48" [_thread_blocked, id=25604, stack(0x000000d1ac100000,0x000000d1ac200000)]
  0x00000204ac8158d0 JavaThread "Unconstrained build operations Thread 49" [_thread_blocked, id=5784, stack(0x000000d1ac200000,0x000000d1ac300000)]
  0x00000204ac812630 JavaThread "Unconstrained build operations Thread 50" [_thread_blocked, id=45856, stack(0x000000d1ac300000,0x000000d1ac400000)]
  0x00000204ac815de0 JavaThread "Unconstrained build operations Thread 51" [_thread_blocked, id=41052, stack(0x000000d1ac400000,0x000000d1ac500000)]
  0x00000204ac816800 JavaThread "Unconstrained build operations Thread 52" [_thread_blocked, id=44596, stack(0x000000d1ac500000,0x000000d1ac600000)]
  0x00000204ac813a70 JavaThread "Unconstrained build operations Thread 53" [_thread_blocked, id=14460, stack(0x000000d1ac600000,0x000000d1ac700000)]
  0x00000204ac8162f0 JavaThread "Unconstrained build operations Thread 54" [_thread_blocked, id=4164, stack(0x000000d1ac700000,0x000000d1ac800000)]
  0x00000204ac813050 JavaThread "Unconstrained build operations Thread 55" [_thread_blocked, id=42388, stack(0x000000d1ac800000,0x000000d1ac900000)]
  0x00000204ac816d10 JavaThread "Unconstrained build operations Thread 56" [_thread_blocked, id=8728, stack(0x000000d1ac900000,0x000000d1aca00000)]
  0x00000204ac817220 JavaThread "Unconstrained build operations Thread 57" [_thread_blocked, id=40076, stack(0x000000d1aca00000,0x000000d1acb00000)]
  0x00000204ac817730 JavaThread "Unconstrained build operations Thread 58" [_thread_blocked, id=5716, stack(0x000000d1acb00000,0x000000d1acc00000)]
  0x00000204ac813f80 JavaThread "Unconstrained build operations Thread 59" [_thread_blocked, id=29340, stack(0x000000d1acc00000,0x000000d1acd00000)]
  0x00000204ac818660 JavaThread "Unconstrained build operations Thread 60" [_thread_blocked, id=12324, stack(0x000000d1acd00000,0x000000d1ace00000)]
  0x00000204ac817c40 JavaThread "Unconstrained build operations Thread 61" [_thread_blocked, id=42436, stack(0x000000d1ace00000,0x000000d1acf00000)]
  0x00000204ac818b70 JavaThread "Unconstrained build operations Thread 62" [_thread_blocked, id=39216, stack(0x000000d1acf00000,0x000000d1ad000000)]
  0x00000204ac819080 JavaThread "Unconstrained build operations Thread 63" [_thread_blocked, id=7136, stack(0x000000d1ad000000,0x000000d1ad100000)]
  0x00000204ac818150 JavaThread "Unconstrained build operations Thread 64" [_thread_blocked, id=44156, stack(0x000000d1ad100000,0x000000d1ad200000)]
  0x00000204acb66ea0 JavaThread "Unconstrained build operations Thread 65" [_thread_blocked, id=8044, stack(0x000000d1ad200000,0x000000d1ad300000)]
  0x00000204acb66480 JavaThread "Unconstrained build operations Thread 66" [_thread_blocked, id=20072, stack(0x000000d1ad300000,0x000000d1ad400000)]
  0x00000204acb65040 JavaThread "build event listener" [_thread_blocked, id=34568, stack(0x000000d1ad400000,0x000000d1ad500000)]
  0x00000204acb64b30 JavaThread "Memory manager" [_thread_blocked, id=46664, stack(0x000000d1ad500000,0x000000d1ad600000)]
  0x00000204acb678c0 JavaThread "ForkJoinPool.commonPool-worker-1" daemon [_thread_blocked, id=3944, stack(0x000000d1ad700000,0x000000d1ad800000)]
  0x00000204acb64110 JavaThread "ForkJoinPool.commonPool-worker-3" daemon [_thread_blocked, id=47256, stack(0x000000d1ad900000,0x000000d1ada00000)]
  0x00000204acb68d00 JavaThread "ForkJoinPool.commonPool-worker-4" daemon [_thread_blocked, id=40228, stack(0x000000d1ada00000,0x000000d1adb00000)]
  0x00000204acb67dd0 JavaThread "ForkJoinPool.commonPool-worker-5" daemon [_thread_blocked, id=38456, stack(0x000000d1adb00000,0x000000d1adc00000)]
  0x00000204acb682e0 JavaThread "ForkJoinPool.commonPool-worker-6" daemon [_thread_blocked, id=15680, stack(0x000000d1adc00000,0x000000d1add00000)]
  0x00000204acb687f0 JavaThread "ForkJoinPool.commonPool-worker-7" daemon [_thread_blocked, id=44808, stack(0x000000d1add00000,0x000000d1ade00000)]
  0x00000204acb69210 JavaThread "ForkJoinPool.commonPool-worker-8" daemon [_thread_blocked, id=32172, stack(0x000000d1ade00000,0x000000d1adf00000)]
  0x00000204acb69720 JavaThread "ForkJoinPool.commonPool-worker-9" daemon [_thread_blocked, id=41428, stack(0x000000d1adf00000,0x000000d1ae000000)]
  0x00000204acb6ab60 JavaThread "included builds" [_thread_blocked, id=20164, stack(0x000000d1a5d00000,0x000000d1a5e00000)]
  0x00000204acb6a650 JavaThread "Execution worker" [_thread_blocked, id=31204, stack(0x000000d1ad600000,0x000000d1ad700000)]
  0x00000204acb6b070 JavaThread "Execution worker Thread 2" [_thread_blocked, id=21112, stack(0x000000d1ae400000,0x000000d1ae500000)]
  0x00000204acb6b580 JavaThread "Execution worker Thread 3" [_thread_blocked, id=38868, stack(0x000000d1ae500000,0x000000d1ae600000)]
  0x00000204aa572890 JavaThread "Execution worker Thread 4" [_thread_blocked, id=40488, stack(0x000000d1ae600000,0x000000d1ae700000)]
  0x00000204aa572da0 JavaThread "Execution worker Thread 5" [_thread_blocked, id=37876, stack(0x000000d1ae700000,0x000000d1ae800000)]
  0x00000204aa571e70 JavaThread "Execution worker Thread 6" [_thread_blocked, id=38540, stack(0x000000d1ae800000,0x000000d1ae900000)]
  0x00000204aa571960 JavaThread "Execution worker Thread 7" [_thread_blocked, id=2092, stack(0x000000d1ae900000,0x000000d1aea00000)]
  0x00000204aa570520 JavaThread "Execution worker Thread 8" [_thread_blocked, id=7792, stack(0x000000d1aea00000,0x000000d1aeb00000)]
  0x00000204aa570a30 JavaThread "Execution worker Thread 9" [_thread_blocked, id=25708, stack(0x000000d1aeb00000,0x000000d1aec00000)]
  0x00000204aa570f40 JavaThread "Execution worker Thread 10" [_thread_blocked, id=44404, stack(0x000000d1aec00000,0x000000d1aed00000)]
  0x00000204aa56f5f0 JavaThread "Execution worker Thread 11" [_thread_blocked, id=24892, stack(0x000000d1aed00000,0x000000d1aee00000)]
  0x00000204aa571450 JavaThread "Execution worker Thread 12" [_thread_blocked, id=30964, stack(0x000000d1aee00000,0x000000d1aef00000)]
  0x00000204aa572380 JavaThread "Execution worker Thread 13" [_thread_blocked, id=42856, stack(0x000000d1aef00000,0x000000d1af000000)]
  0x00000204aa5732b0 JavaThread "Execution worker Thread 14" [_thread_blocked, id=44460, stack(0x000000d1af000000,0x000000d1af100000)]
  0x00000204aa56fb00 JavaThread "Execution worker Thread 15" [_thread_blocked, id=29304, stack(0x000000d1af100000,0x000000d1af200000)]
  0x00000204aa5737c0 JavaThread "Execution worker Thread 16" [_thread_blocked, id=37280, stack(0x000000d1af200000,0x000000d1af300000)]
  0x00000204aa570010 JavaThread "Execution worker Thread 17" [_thread_blocked, id=15564, stack(0x000000d1af300000,0x000000d1af400000)]
  0x00000204aa574c00 JavaThread "Execution worker Thread 18" [_thread_blocked, id=42156, stack(0x000000d1af400000,0x000000d1af500000)]
  0x00000204aa576040 JavaThread "Execution worker Thread 19" [_thread_blocked, id=29364, stack(0x000000d1af500000,0x000000d1af600000)]
  0x00000204aa573cd0 JavaThread "Execution worker Thread 20" [_thread_blocked, id=39660, stack(0x000000d1af600000,0x000000d1af700000)]
  0x00000204aa576f70 JavaThread "Execution worker Thread 21" [_thread_blocked, id=47072, stack(0x000000d1af700000,0x000000d1af800000)]
  0x00000204aa5741e0 JavaThread "Execution worker Thread 22" [_thread_blocked, id=33092, stack(0x000000d1af800000,0x000000d1af900000)]
  0x00000204aa576550 JavaThread "Execution worker Thread 23" [_thread_blocked, id=24064, stack(0x000000d1af900000,0x000000d1afa00000)]
  0x00000204aa5746f0 JavaThread "Execution worker Thread 24" [_thread_blocked, id=2920, stack(0x000000d1afa00000,0x000000d1afb00000)]
  0x00000204aa575110 JavaThread "Execution worker Thread 25" [_thread_blocked, id=31748, stack(0x000000d1afb00000,0x000000d1afc00000)]
  0x00000204aa575620 JavaThread "Execution worker Thread 26" [_thread_blocked, id=49100, stack(0x000000d1afc00000,0x000000d1afd00000)]
  0x00000204aa575b30 JavaThread "Execution worker Thread 27" [_thread_blocked, id=7828, stack(0x000000d1afd00000,0x000000d1afe00000)]
  0x00000204aa576a60 JavaThread "Execution worker Thread 28" [_thread_blocked, id=34184, stack(0x000000d1afe00000,0x000000d1aff00000)]
  0x00000204a7eb6570 JavaThread "Execution worker Thread 29" [_thread_blocked, id=8912, stack(0x000000d1aff00000,0x000000d1b0000000)]
  0x00000204a7eb88e0 JavaThread "Execution worker Thread 30" [_thread_blocked, id=20668, stack(0x000000d1b0000000,0x000000d1b0100000)]
  0x00000204a7eb79b0 JavaThread "Execution worker Thread 31" [_thread_blocked, id=48844, stack(0x000000d1b0100000,0x000000d1b0200000)]
  0x00000204a7eb74a0 JavaThread "Cache worker for execution history cache (D:\tec_share\monorepo1\node_modules\@react-native\gradle-plugin\.gradle\8.13\executionHistory)" [_thread_blocked, id=28748, stack(0x000000d1b0200000,0x000000d1b0300000)]
  0x00000204a7eb8df0 JavaThread "Unconstrained build operations Thread 67" [_thread_blocked, id=21080, stack(0x000000d1b0400000,0x000000d1b0500000)]
  0x00000204a7eb6f90 JavaThread "Unconstrained build operations Thread 68" [_thread_blocked, id=41512, stack(0x000000d1b0500000,0x000000d1b0600000)]
  0x00000204a7eb83d0 JavaThread "Unconstrained build operations Thread 69" [_thread_blocked, id=36760, stack(0x000000d1b0600000,0x000000d1b0700000)]
  0x00000204a7eb9810 JavaThread "Unconstrained build operations Thread 70" [_thread_blocked, id=28544, stack(0x000000d1b0700000,0x000000d1b0800000)]
  0x00000204a7eb9300 JavaThread "Unconstrained build operations Thread 71" [_thread_blocked, id=34348, stack(0x000000d1b0800000,0x000000d1b0900000)]
  0x00000204a7eb7ec0 JavaThread "Unconstrained build operations Thread 72" [_thread_blocked, id=27900, stack(0x000000d1b0900000,0x000000d1b0a00000)]
  0x00000204a7eb6060 JavaThread "Unconstrained build operations Thread 73" [_thread_blocked, id=45168, stack(0x000000d1b0a00000,0x000000d1b0b00000)]
  0x00000204ab804e50 JavaThread "Unconstrained build operations Thread 74" [_thread_blocked, id=5612, stack(0x000000d1b0b00000,0x000000d1b0c00000)]
  0x00000204ab803a10 JavaThread "Unconstrained build operations Thread 75" [_thread_blocked, id=47656, stack(0x000000d1b0c00000,0x000000d1b0d00000)]
  0x00000204ab803f20 JavaThread "Unconstrained build operations Thread 76" [_thread_blocked, id=30280, stack(0x000000d1b0d00000,0x000000d1b0e00000)]
  0x00000204ab805870 JavaThread "Unconstrained build operations Thread 77" [_thread_blocked, id=27708, stack(0x000000d1b0e00000,0x000000d1b0f00000)]
  0x00000204ab806290 JavaThread "Unconstrained build operations Thread 78" [_thread_blocked, id=19140, stack(0x000000d1b0f00000,0x000000d1b1000000)]
  0x00000204ab8067a0 JavaThread "Unconstrained build operations Thread 79" [_thread_blocked, id=12868, stack(0x000000d1b1000000,0x000000d1b1100000)]
  0x00000204ab8071c0 JavaThread "Unconstrained build operations Thread 80" [_thread_blocked, id=32940, stack(0x000000d1b1100000,0x000000d1b1200000)]
  0x00000204ab805360 JavaThread "Unconstrained build operations Thread 81" [_thread_blocked, id=31348, stack(0x000000d1b1200000,0x000000d1b1300000)]
  0x00000204ab806cb0 JavaThread "Unconstrained build operations Thread 82" [_thread_blocked, id=29216, stack(0x000000d1b1300000,0x000000d1b1400000)]
  0x00000204ab804940 JavaThread "Unconstrained build operations Thread 83" [_thread_blocked, id=45260, stack(0x000000d1b1400000,0x000000d1b1500000)]
  0x00000204ab805d80 JavaThread "Unconstrained build operations Thread 84" [_thread_blocked, id=22036, stack(0x000000d1b1500000,0x000000d1b1600000)]
  0x00000204ab804430 JavaThread "Unconstrained build operations Thread 85" [_thread_blocked, id=43572, stack(0x000000d1b1600000,0x000000d1b1700000)]
  0x00000204aac6c2f0 JavaThread "Unconstrained build operations Thread 86" [_thread_blocked, id=4696, stack(0x000000d1b1700000,0x000000d1b1800000)]
  0x00000204aac69a70 JavaThread "Unconstrained build operations Thread 87" [_thread_blocked, id=28928, stack(0x000000d1b1800000,0x000000d1b1900000)]
  0x00000204aac6c800 JavaThread "Unconstrained build operations Thread 88" [_thread_blocked, id=43620, stack(0x000000d1b1900000,0x000000d1b1a00000)]
  0x00000204aac6bde0 JavaThread "Unconstrained build operations Thread 89" [_thread_blocked, id=2576, stack(0x000000d1b1a00000,0x000000d1b1b00000)]
  0x00000204aac6a490 JavaThread "Unconstrained build operations Thread 90" [_thread_blocked, id=16200, stack(0x000000d1b1b00000,0x000000d1b1c00000)]
  0x00000204aac6a9a0 JavaThread "Unconstrained build operations Thread 91" [_thread_blocked, id=23612, stack(0x000000d1b1c00000,0x000000d1b1d00000)]
  0x00000204aac69560 JavaThread "Unconstrained build operations Thread 92" [_thread_blocked, id=42572, stack(0x000000d1b1d00000,0x000000d1b1e00000)]
  0x00000204aac6b3c0 JavaThread "Unconstrained build operations Thread 93" [_thread_blocked, id=12204, stack(0x000000d1b1e00000,0x000000d1b1f00000)]
  0x00000204aac69f80 JavaThread "Unconstrained build operations Thread 94" [_thread_blocked, id=44416, stack(0x000000d1b1f00000,0x000000d1b2000000)]
  0x00000204aac6cd10 JavaThread "Unconstrained build operations Thread 95" [_thread_blocked, id=17344, stack(0x000000d1b2000000,0x000000d1b2100000)]
  0x00000204aac6d730 JavaThread "Unconstrained build operations Thread 96" [_thread_blocked, id=48660, stack(0x000000d1b2100000,0x000000d1b2200000)]
  0x00000204aac6aeb0 JavaThread "Unconstrained build operations Thread 97" [_thread_blocked, id=18704, stack(0x000000d1b2200000,0x000000d1b2300000)]
  0x00000204aac6dc40 JavaThread "Unconstrained build operations Thread 98" [_thread_blocked, id=21584, stack(0x000000d1b2300000,0x000000d1b2400000)]
  0x00000204aac6d220 JavaThread "Unconstrained build operations Thread 99" [_thread_blocked, id=30692, stack(0x000000d1b2400000,0x000000d1b2500000)]
  0x00000204aac6e150 JavaThread "Unconstrained build operations Thread 100" [_thread_blocked, id=42104, stack(0x000000d1b2500000,0x000000d1b2600000)]
  0x00000204aac6e660 JavaThread "Unconstrained build operations Thread 101" [_thread_blocked, id=35436, stack(0x000000d1b2600000,0x000000d1b2700000)]
  0x00000204aac6eb70 JavaThread "Unconstrained build operations Thread 102" [_thread_blocked, id=18988, stack(0x000000d1b2700000,0x000000d1b2800000)]
  0x00000204aac6f080 JavaThread "Unconstrained build operations Thread 103" [_thread_blocked, id=31172, stack(0x000000d1b2800000,0x000000d1b2900000)]
  0x00000204aac6b8d0 JavaThread "Unconstrained build operations Thread 104" [_thread_blocked, id=39612, stack(0x000000d1b2900000,0x000000d1b2a00000)]
  0x00000204aac6faa0 JavaThread "Unconstrained build operations Thread 105" [_thread_blocked, id=45760, stack(0x000000d1b2a00000,0x000000d1b2b00000)]
  0x00000204aac6f590 JavaThread "Unconstrained build operations Thread 106" [_thread_blocked, id=36304, stack(0x000000d1b2b00000,0x000000d1b2c00000)]
  0x00000204aac6ffb0 JavaThread "Unconstrained build operations Thread 107" [_thread_blocked, id=23084, stack(0x000000d1b2c00000,0x000000d1b2d00000)]
  0x00000204aac704c0 JavaThread "Unconstrained build operations Thread 108" [_thread_blocked, id=47956, stack(0x000000d1b2d00000,0x000000d1b2e00000)]
  0x00000204aac709d0 JavaThread "Unconstrained build operations Thread 109" [_thread_blocked, id=35748, stack(0x000000d1b2e00000,0x000000d1b2f00000)]
  0x00000204aac70ee0 JavaThread "Unconstrained build operations Thread 110" [_thread_blocked, id=14096, stack(0x000000d1b2f00000,0x000000d1b3000000)]
  0x00000204ab409ff0 JavaThread "Unconstrained build operations Thread 111" [_thread_blocked, id=21960, stack(0x000000d1b3000000,0x000000d1b3100000)]
  0x00000204ab40aa10 JavaThread "Unconstrained build operations Thread 112" [_thread_blocked, id=9164, stack(0x000000d1b3100000,0x000000d1b3200000)]
  0x00000204ab40af20 JavaThread "Unconstrained build operations Thread 113" [_thread_blocked, id=5456, stack(0x000000d1b3200000,0x000000d1b3300000)]
  0x00000204ab40b430 JavaThread "Unconstrained build operations Thread 114" [_thread_blocked, id=48480, stack(0x000000d1b3300000,0x000000d1b3400000)]
  0x00000204ab40c360 JavaThread "Unconstrained build operations Thread 115" [_thread_blocked, id=38800, stack(0x000000d1b3400000,0x000000d1b3500000)]
  0x00000204ab408bb0 JavaThread "Unconstrained build operations Thread 116" [_thread_blocked, id=27904, stack(0x000000d1b3500000,0x000000d1b3600000)]
  0x00000204ab40be50 JavaThread "Unconstrained build operations Thread 117" [_thread_blocked, id=26156, stack(0x000000d1b3600000,0x000000d1b3700000)]
  0x00000204ab40b940 JavaThread "Unconstrained build operations Thread 118" [_thread_blocked, id=49068, stack(0x000000d1b3700000,0x000000d1b3800000)]
  0x00000204ab40a500 JavaThread "Unconstrained build operations Thread 119" [_thread_blocked, id=41416, stack(0x000000d1b3800000,0x000000d1b3900000)]
  0x00000204ab40c870 JavaThread "Unconstrained build operations Thread 120" [_thread_blocked, id=27980, stack(0x000000d1b3900000,0x000000d1b3a00000)]
  0x00000204ab4095d0 JavaThread "Unconstrained build operations Thread 121" [_thread_blocked, id=19744, stack(0x000000d1b3a00000,0x000000d1b3b00000)]
  0x00000204ab4090c0 JavaThread "Unconstrained build operations Thread 122" [_thread_blocked, id=10900, stack(0x000000d1b3b00000,0x000000d1b3c00000)]
  0x00000204ab40cd80 JavaThread "Unconstrained build operations Thread 123" [_thread_blocked, id=48372, stack(0x000000d1b3c00000,0x000000d1b3d00000)]
  0x00000204ab40d290 JavaThread "Unconstrained build operations Thread 124" [_thread_blocked, id=36808, stack(0x000000d1b3d00000,0x000000d1b3e00000)]
  0x00000204ab409ae0 JavaThread "Unconstrained build operations Thread 125" [_thread_blocked, id=29868, stack(0x000000d1b3e00000,0x000000d1b3f00000)]
  0x00000204ab410020 JavaThread "Unconstrained build operations Thread 126" [_thread_blocked, id=26992, stack(0x000000d1b3f00000,0x000000d1b4000000)]
  0x00000204ab40f0f0 JavaThread "Unconstrained build operations Thread 127" [_thread_blocked, id=19876, stack(0x000000d1b4000000,0x000000d1b4100000)]
  0x00000204ab40ebe0 JavaThread "Unconstrained build operations Thread 128" [_thread_blocked, id=28992, stack(0x000000d1b4100000,0x000000d1b4200000)]
  0x00000204ab40d7a0 JavaThread "Unconstrained build operations Thread 129" [_thread_blocked, id=43232, stack(0x000000d1b4200000,0x000000d1b4300000)]
  0x00000204ab410530 JavaThread "Unconstrained build operations Thread 130" [_thread_blocked, id=46976, stack(0x000000d1b4300000,0x000000d1b4400000)]
  0x00000204ab40dcb0 JavaThread "Unconstrained build operations Thread 131" [_thread_blocked, id=28500, stack(0x000000d1b4600000,0x000000d1b4700000)]
  0x00000204ab40e1c0 JavaThread "Unconstrained build operations Thread 132" [_thread_blocked, id=17688, stack(0x000000d1b4700000,0x000000d1b4800000)]
  0x00000204ab40f600 JavaThread "Unconstrained build operations Thread 133" [_thread_blocked, id=31532, stack(0x000000d1b4800000,0x000000d1b4900000)]
  0x00000204ab40e6d0 JavaThread "Unconstrained build operations Thread 134" [_thread_blocked, id=47424, stack(0x000000d1b4900000,0x000000d1b4a00000)]
  0x00000204ab40fb10 JavaThread "Unconstrained build operations Thread 135" [_thread_blocked, id=25956, stack(0x000000d1b4a00000,0x000000d1b4b00000)]
  0x00000204a7a4f550 JavaThread "Unconstrained build operations Thread 136" [_thread_blocked, id=27836, stack(0x000000d1b4b00000,0x000000d1b4c00000)]
  0x00000204a7a4e110 JavaThread "Unconstrained build operations Thread 137" [_thread_blocked, id=16260, stack(0x000000d1b4c00000,0x000000d1b4d00000)]
  0x00000204a7a4fa60 JavaThread "Unconstrained build operations Thread 138" [_thread_blocked, id=21784, stack(0x000000d1b4d00000,0x000000d1b4e00000)]
  0x00000204a7a4d6f0 JavaThread "Unconstrained build operations Thread 139" [_thread_blocked, id=42876, stack(0x000000d1b4e00000,0x000000d1b4f00000)]
  0x00000204a7a4e620 JavaThread "Unconstrained build operations Thread 140" [_thread_blocked, id=36532, stack(0x000000d1b4f00000,0x000000d1b5000000)]
  0x00000204a7a4c7c0 JavaThread "Unconstrained build operations Thread 141" [_thread_blocked, id=41648, stack(0x000000d1b5000000,0x000000d1b5100000)]
  0x00000204a7a4ff70 JavaThread "Unconstrained build operations Thread 142" [_thread_blocked, id=20556, stack(0x000000d1b5100000,0x000000d1b5200000)]
  0x00000204a7a4d1e0 JavaThread "Unconstrained build operations Thread 143" [_thread_blocked, id=14356, stack(0x000000d1b5200000,0x000000d1b5300000)]
  0x00000204a7a4dc00 JavaThread "Unconstrained build operations Thread 144" [_thread_blocked, id=2616, stack(0x000000d1b5300000,0x000000d1b5400000)]
  0x00000204a7a4eb30 JavaThread "Unconstrained build operations Thread 145" [_thread_blocked, id=31992, stack(0x000000d1b5400000,0x000000d1b5500000)]
  0x00000204a7a4f040 JavaThread "jar transforms Thread 2" [_thread_blocked, id=32852, stack(0x000000d1b5500000,0x000000d1b5600000)]
  0x00000204a7a4ccd0 JavaThread "jar transforms Thread 3" [_thread_blocked, id=13608, stack(0x000000d1b5600000,0x000000d1b5700000)]
  0x00000204a7a50990 JavaThread "Problems report writer" [_thread_blocked, id=16308, stack(0x000000d1b5700000,0x000000d1b5800000)]
  0x00000204a7a527f0 JavaThread "Unconstrained build operations Thread 146" [_thread_blocked, id=5788, stack(0x000000d1b5800000,0x000000d1b5900000)]
  0x00000204a7a52d00 JavaThread "Unconstrained build operations Thread 147" [_thread_blocked, id=25884, stack(0x000000d1b5900000,0x000000d1b5a00000)]
  0x00000204a7a522e0 JavaThread "Unconstrained build operations Thread 148" [_thread_blocked, id=17848, stack(0x000000d1b5a00000,0x000000d1b5b00000)]
  0x00000204a7a53c30 JavaThread "Unconstrained build operations Thread 149" [_thread_blocked, id=1280, stack(0x000000d1b5b00000,0x000000d1b5c00000)]
  0x00000204a7a51dd0 JavaThread "Unconstrained build operations Thread 150" [_thread_blocked, id=47940, stack(0x000000d1b5c00000,0x000000d1b5d00000)]
  0x00000204a7a54140 JavaThread "Unconstrained build operations Thread 151" [_thread_blocked, id=9160, stack(0x000000d1b5d00000,0x000000d1b5e00000)]
  0x00000204a7a53720 JavaThread "Unconstrained build operations Thread 152" [_thread_blocked, id=13204, stack(0x000000d1b5e00000,0x000000d1b5f00000)]
  0x00000204a7a53210 JavaThread "Unconstrained build operations Thread 153" [_thread_blocked, id=34980, stack(0x000000d1b5f00000,0x000000d1b6000000)]
  0x00000204a7a54650 JavaThread "Unconstrained build operations Thread 154" [_thread_blocked, id=28664, stack(0x000000d1b6000000,0x000000d1b6100000)]
  0x00000204a7a50ea0 JavaThread "Unconstrained build operations Thread 155" [_thread_blocked, id=30116, stack(0x000000d1b6100000,0x000000d1b6200000)]
  0x00000204a7a54b60 JavaThread "Unconstrained build operations Thread 156" [_thread_blocked, id=4008, stack(0x000000d1b6200000,0x000000d1b6300000)]
  0x00000204a7a513b0 JavaThread "Unconstrained build operations Thread 157" [_thread_blocked, id=15336, stack(0x000000d1b6300000,0x000000d1b6400000)]
  0x00000204a7a58310 JavaThread "Unconstrained build operations Thread 158" [_thread_blocked, id=43920, stack(0x000000d1b6400000,0x000000d1b6500000)]
  0x00000204a7a56ed0 JavaThread "Unconstrained build operations Thread 159" [_thread_blocked, id=25184, stack(0x000000d1b6500000,0x000000d1b6600000)]
  0x00000204a7a569c0 JavaThread "Unconstrained build operations Thread 160" [_thread_blocked, id=29284, stack(0x000000d1b6600000,0x000000d1b6700000)]
  0x00000204a7a57e00 JavaThread "Unconstrained build operations Thread 161" [_thread_blocked, id=9312, stack(0x000000d1b6700000,0x000000d1b6800000)]
  0x00000204a7a58820 JavaThread "Unconstrained build operations Thread 162" [_thread_blocked, id=11136, stack(0x000000d1b6800000,0x000000d1b6900000)]
  0x00000204a7a55070 JavaThread "Unconstrained build operations Thread 163" [_thread_blocked, id=37208, stack(0x000000d1b6900000,0x000000d1b6a00000)]
  0x00000204a7a58d30 JavaThread "Unconstrained build operations Thread 164" [_thread_blocked, id=24416, stack(0x000000d1b6a00000,0x000000d1b6b00000)]
  0x00000204a7a573e0 JavaThread "Unconstrained build operations Thread 165" [_thread_blocked, id=11192, stack(0x000000d1b6b00000,0x000000d1b6c00000)]
  0x00000204a7a578f0 JavaThread "Unconstrained build operations Thread 166" [_thread_blocked, id=42136, stack(0x000000d1b6c00000,0x000000d1b6d00000)]
  0x00000204a7a55580 JavaThread "Unconstrained build operations Thread 167" [_thread_blocked, id=1032, stack(0x000000d1b6d00000,0x000000d1b6e00000)]
  0x00000204a7a59240 JavaThread "Unconstrained build operations Thread 168" [_thread_blocked, id=20420, stack(0x000000d1b6e00000,0x000000d1b6f00000)]
  0x00000204a7a55a90 JavaThread "Unconstrained build operations Thread 169" [_thread_blocked, id=35084, stack(0x000000d1b6f00000,0x000000d1b7000000)]
  0x00000204a7a59750 JavaThread "Unconstrained build operations Thread 170" [_thread_blocked, id=15456, stack(0x000000d1b7000000,0x000000d1b7100000)]
  0x00000204a7a55fa0 JavaThread "Unconstrained build operations Thread 171" [_thread_blocked, id=35400, stack(0x000000d1b7100000,0x000000d1b7200000)]
  0x00000204a7a59c60 JavaThread "Unconstrained build operations Thread 172" [_thread_blocked, id=24668, stack(0x000000d1b7200000,0x000000d1b7300000)]
  0x00000204a7a564b0 JavaThread "Unconstrained build operations Thread 173" [_thread_blocked, id=33008, stack(0x000000d1b7300000,0x000000d1b7400000)]
  0x00000204a7a5bac0 JavaThread "Unconstrained build operations Thread 174" [_thread_blocked, id=4288, stack(0x000000d1b7400000,0x000000d1b7500000)]
  0x00000204a7a5a680 JavaThread "Unconstrained build operations Thread 175" [_thread_blocked, id=43120, stack(0x000000d1b7500000,0x000000d1b7600000)]
  0x00000204a7a5a170 JavaThread "Unconstrained build operations Thread 176" [_thread_blocked, id=15984, stack(0x000000d1b7600000,0x000000d1b7700000)]
  0x00000204a7a5b0a0 JavaThread "Unconstrained build operations Thread 177" [_thread_blocked, id=27212, stack(0x000000d1b7700000,0x000000d1b7800000)]
  0x00000204a7a5ab90 JavaThread "Unconstrained build operations Thread 178" [_thread_blocked, id=32976, stack(0x000000d1b7800000,0x000000d1b7900000)]
  0x00000204a7a5b5b0 JavaThread "Unconstrained build operations Thread 179" [_thread_blocked, id=13176, stack(0x000000d1b7900000,0x000000d1b7a00000)]
  0x00000204a7a5bfd0 JavaThread "Unconstrained build operations Thread 180" [_thread_blocked, id=14632, stack(0x000000d1b7a00000,0x000000d1b7b00000)]
  0x00000204a9a204a0 JavaThread "Unconstrained build operations Thread 181" [_thread_blocked, id=2208, stack(0x000000d1b7b00000,0x000000d1b7c00000)]
  0x00000204a9a1ff90 JavaThread "Unconstrained build operations Thread 182" [_thread_blocked, id=42640, stack(0x000000d1b7c00000,0x000000d1b7d00000)]
  0x00000204a9a209b0 JavaThread "Unconstrained build operations Thread 183" [_thread_blocked, id=32376, stack(0x000000d1b7d00000,0x000000d1b7e00000)]
  0x00000204a9a20ec0 JavaThread "Unconstrained build operations Thread 184" [_thread_blocked, id=48680, stack(0x000000d1b7e00000,0x000000d1b7f00000)]
  0x00000204a9a1fa80 JavaThread "Unconstrained build operations Thread 185" [_thread_blocked, id=35300, stack(0x000000d1b7f00000,0x000000d1b8000000)]
  0x00000204a9a1f570 JavaThread "Unconstrained build operations Thread 186" [_thread_blocked, id=22484, stack(0x000000d1b8000000,0x000000d1b8100000)]
  0x00000204a9a213d0 JavaThread "Unconstrained build operations Thread 187" [_thread_blocked, id=12676, stack(0x000000d1b8100000,0x000000d1b8200000)]
  0x00000204a9a218e0 JavaThread "Unconstrained build operations Thread 188" [_thread_blocked, id=39452, stack(0x000000d1b8200000,0x000000d1b8300000)]
  0x00000204a9a21df0 JavaThread "Unconstrained build operations Thread 189" [_thread_blocked, id=48364, stack(0x000000d1b8300000,0x000000d1b8400000)]
  0x00000204a9a22300 JavaThread "Unconstrained build operations Thread 190" [_thread_blocked, id=33620, stack(0x000000d1b8400000,0x000000d1b8500000)]
  0x00000204a9a22810 JavaThread "Unconstrained build operations Thread 191" [_thread_blocked, id=18356, stack(0x000000d1b8500000,0x000000d1b8600000)]
  0x00000204a9a1f060 JavaThread "Unconstrained build operations Thread 192" [_thread_blocked, id=21616, stack(0x000000d1b8600000,0x000000d1b8700000)]
  0x00000204a9a25090 JavaThread "Unconstrained build operations Thread 193" [_thread_blocked, id=45628, stack(0x000000d1b8700000,0x000000d1b8800000)]
  0x00000204a9a25ab0 JavaThread "Unconstrained build operations Thread 194" [_thread_blocked, id=6228, stack(0x000000d1b8800000,0x000000d1b8900000)]
  0x00000204a9a25fc0 JavaThread "Unconstrained build operations Thread 195" [_thread_blocked, id=34800, stack(0x000000d1b8900000,0x000000d1b8a00000)]
  0x00000204a9a23740 JavaThread "Unconstrained build operations Thread 196" [_thread_blocked, id=21912, stack(0x000000d1b8a00000,0x000000d1b8b00000)]
  0x00000204a9a23c50 JavaThread "Unconstrained build operations Thread 197" [_thread_blocked, id=27000, stack(0x000000d1b8b00000,0x000000d1b8c00000)]
  0x00000204a9a22d20 JavaThread "Unconstrained build operations Thread 198" [_thread_blocked, id=21204, stack(0x000000d1b8c00000,0x000000d1b8d00000)]
  0x00000204a9a23230 JavaThread "Unconstrained build operations Thread 199" [_thread_blocked, id=18404, stack(0x000000d1b8d00000,0x000000d1b8e00000)]
  0x00000204a9a24160 JavaThread "Unconstrained build operations Thread 200" [_thread_blocked, id=47748, stack(0x000000d1b8e00000,0x000000d1b8f00000)]
  0x00000204a9a269e0 JavaThread "Unconstrained build operations Thread 201" [_thread_blocked, id=17812, stack(0x000000d1b8f00000,0x000000d1b9000000)]
  0x00000204a9a27400 JavaThread "Unconstrained build operations Thread 202" [_thread_blocked, id=12736, stack(0x000000d1b9000000,0x000000d1b9100000)]
  0x00000204a9a26ef0 JavaThread "Unconstrained build operations Thread 203" [_thread_blocked, id=14872, stack(0x000000d1b9100000,0x000000d1b9200000)]
  0x00000204a9a24b80 JavaThread "Unconstrained build operations Thread 204" [_thread_blocked, id=32844, stack(0x000000d1b9200000,0x000000d1b9300000)]
  0x00000204a9a264d0 JavaThread "Unconstrained build operations Thread 205" [_thread_blocked, id=42080, stack(0x000000d1b9300000,0x000000d1b9400000)]
  0x00000204a9a255a0 JavaThread "Unconstrained build operations Thread 206" [_thread_blocked, id=8996, stack(0x000000d1b9400000,0x000000d1b9500000)]
  0x00000204a9a27e20 JavaThread "Unconstrained build operations Thread 207" [_thread_blocked, id=47252, stack(0x000000d1b9500000,0x000000d1b9600000)]
  0x00000204a9a27910 JavaThread "Unconstrained build operations Thread 208" [_thread_blocked, id=27872, stack(0x000000d1b9600000,0x000000d1b9700000)]
  0x00000204a9a24670 JavaThread "Unconstrained build operations Thread 209" [_thread_blocked, id=22544, stack(0x000000d1b9700000,0x000000d1b9800000)]
  0x00000204a9a2b5d0 JavaThread "Unconstrained build operations Thread 210" [_thread_blocked, id=14924, stack(0x000000d1b9800000,0x000000d1b9900000)]
  0x00000204a9a29c80 JavaThread "Unconstrained build operations Thread 211" [_thread_blocked, id=19292, stack(0x000000d1b9900000,0x000000d1b9a00000)]
  0x00000204a9a2b0c0 JavaThread "Unconstrained build operations Thread 212" [_thread_blocked, id=18008, stack(0x000000d1b9a00000,0x000000d1b9b00000)]
  0x00000204a9a2a6a0 JavaThread "Unconstrained build operations Thread 213" [_thread_blocked, id=43564, stack(0x000000d1b9b00000,0x000000d1b9c00000)]
  0x00000204a9a2a190 JavaThread "Unconstrained build operations Thread 214" [_thread_blocked, id=9924, stack(0x000000d1b9c00000,0x000000d1b9d00000)]
  0x00000204a9a2bae0 JavaThread "Unconstrained build operations Thread 215" [_thread_blocked, id=22752, stack(0x000000d1b9d00000,0x000000d1b9e00000)]
  0x00000204a9a28330 JavaThread "Unconstrained build operations Thread 216" [_thread_blocked, id=21860, stack(0x000000d1b9e00000,0x000000d1b9f00000)]
  0x00000204a9a2abb0 JavaThread "Unconstrained build operations Thread 217" [_thread_blocked, id=20208, stack(0x000000d1b9f00000,0x000000d1ba000000)]
  0x00000204a9a2bff0 JavaThread "Unconstrained build operations Thread 218" [_thread_blocked, id=37572, stack(0x000000d1ba000000,0x000000d1ba100000)]
  0x00000204a9a28840 JavaThread "Unconstrained build operations Thread 219" [_thread_blocked, id=18004, stack(0x000000d1ba100000,0x000000d1ba200000)]
  0x00000204a9a2c500 JavaThread "Unconstrained build operations Thread 220" [_thread_blocked, id=48100, stack(0x000000d1ba200000,0x000000d1ba300000)]
  0x00000204a9a29260 JavaThread "Unconstrained build operations Thread 221" [_thread_blocked, id=40460, stack(0x000000d1ba300000,0x000000d1ba400000)]
  0x00000204a9a28d50 JavaThread "Unconstrained build operations Thread 222" [_thread_blocked, id=10680, stack(0x000000d1ba400000,0x000000d1ba500000)]
  0x00000204a9a2ca10 JavaThread "Unconstrained build operations Thread 223" [_thread_blocked, id=33856, stack(0x000000d1ba500000,0x000000d1ba600000)]
  0x00000204a9a2cf20 JavaThread "Unconstrained build operations Thread 224" [_thread_blocked, id=18772, stack(0x000000d1ba600000,0x000000d1ba700000)]
  0x00000204a9a29770 JavaThread "Unconstrained build operations Thread 225" [_thread_blocked, id=28240, stack(0x000000d1ba700000,0x000000d1ba800000)]
  0x00000204a9a2e360 JavaThread "Unconstrained build operations Thread 226" [_thread_blocked, id=41596, stack(0x000000d1ba800000,0x000000d1ba900000)]
  0x00000204a9a2d430 JavaThread "Unconstrained build operations Thread 227" [_thread_blocked, id=15556, stack(0x000000d1ba900000,0x000000d1baa00000)]
  0x00000204a9a2d940 JavaThread "Unconstrained build operations Thread 228" [_thread_blocked, id=27364, stack(0x000000d1baa00000,0x000000d1bab00000)]
  0x00000204a9a2de50 JavaThread "Unconstrained build operations Thread 229" [_thread_blocked, id=11092, stack(0x000000d1bab00000,0x000000d1bac00000)]
  0x00000204a9a2e870 JavaThread "Unconstrained build operations Thread 230" [_thread_blocked, id=7600, stack(0x000000d1bac00000,0x000000d1bad00000)]
  0x00000204a8397140 JavaThread "Unconstrained build operations Thread 231" [_thread_blocked, id=32524, stack(0x000000d1bad00000,0x000000d1bae00000)]
  0x00000204a8397b60 JavaThread "Unconstrained build operations Thread 232" [_thread_blocked, id=7640, stack(0x000000d1bae00000,0x000000d1baf00000)]
  0x00000204a8398070 JavaThread "Unconstrained build operations Thread 233" [_thread_blocked, id=35024, stack(0x000000d1baf00000,0x000000d1bb000000)]
  0x00000204a83948c0 JavaThread "Unconstrained build operations Thread 234" [_thread_blocked, id=37384, stack(0x000000d1bb000000,0x000000d1bb100000)]
  0x00000204a8394dd0 JavaThread "Unconstrained build operations Thread 235" [_thread_blocked, id=25636, stack(0x000000d1bb100000,0x000000d1bb200000)]
  0x00000204a8397650 JavaThread "Unconstrained build operations Thread 236" [_thread_blocked, id=37144, stack(0x000000d1bb200000,0x000000d1bb300000)]
  0x00000204a83957f0 JavaThread "Unconstrained build operations Thread 237" [_thread_blocked, id=41056, stack(0x000000d1bb300000,0x000000d1bb400000)]
  0x00000204a83952e0 JavaThread "Unconstrained build operations Thread 238" [_thread_blocked, id=12616, stack(0x000000d1bb400000,0x000000d1bb500000)]
  0x00000204a8396c30 JavaThread "Unconstrained build operations Thread 239" [_thread_blocked, id=34636, stack(0x000000d1bb500000,0x000000d1bb600000)]
  0x00000204a8398580 JavaThread "Unconstrained build operations Thread 240" [_thread_blocked, id=41700, stack(0x000000d1bb600000,0x000000d1bb700000)]
  0x00000204a8398a90 JavaThread "Unconstrained build operations Thread 241" [_thread_blocked, id=46060, stack(0x000000d1bb700000,0x000000d1bb800000)]
  0x00000204a8398fa0 JavaThread "Unconstrained build operations Thread 242" [_thread_blocked, id=19344, stack(0x000000d1bb800000,0x000000d1bb900000)]
  0x00000204a83994b0 JavaThread "Unconstrained build operations Thread 243" [_thread_blocked, id=34296, stack(0x000000d1bb900000,0x000000d1bba00000)]
  0x00000204a8396210 JavaThread "Unconstrained build operations Thread 244" [_thread_blocked, id=36772, stack(0x000000d1bba00000,0x000000d1bbb00000)]
  0x00000204a8395d00 JavaThread "Unconstrained build operations Thread 245" [_thread_blocked, id=29984, stack(0x000000d1bbb00000,0x000000d1bbc00000)]
  0x00000204a8399ed0 JavaThread "Unconstrained build operations Thread 246" [_thread_blocked, id=25144, stack(0x000000d1bbc00000,0x000000d1bbd00000)]
  0x00000204a8396720 JavaThread "Unconstrained build operations Thread 247" [_thread_blocked, id=12088, stack(0x000000d1bbd00000,0x000000d1bbe00000)]
  0x00000204a839c750 JavaThread "Unconstrained build operations Thread 248" [_thread_blocked, id=30656, stack(0x000000d1bbe00000,0x000000d1bbf00000)]
  0x00000204a839bd30 JavaThread "Unconstrained build operations Thread 249" [_thread_blocked, id=12524, stack(0x000000d1bbf00000,0x000000d1bc000000)]
  0x00000204a839a3e0 JavaThread "Unconstrained build operations Thread 250" [_thread_blocked, id=15240, stack(0x000000d1bc000000,0x000000d1bc100000)]
  0x00000204a839b310 JavaThread "Unconstrained build operations Thread 251" [_thread_blocked, id=30876, stack(0x000000d1bc100000,0x000000d1bc200000)]
  0x00000204a83999c0 JavaThread "Unconstrained build operations Thread 252" [_thread_blocked, id=35452, stack(0x000000d1bc200000,0x000000d1bc300000)]
  0x00000204a839e0a0 JavaThread "Unconstrained build operations Thread 253" [_thread_blocked, id=41320, stack(0x000000d1bc300000,0x000000d1bc400000)]
  0x00000204a839b820 JavaThread "Unconstrained build operations Thread 254" [_thread_blocked, id=25972, stack(0x000000d1bc400000,0x000000d1bc500000)]
  0x00000204a839ae00 JavaThread "Unconstrained build operations Thread 255" [_thread_blocked, id=27076, stack(0x000000d1bc500000,0x000000d1bc600000)]
  0x00000204a839c240 JavaThread "Unconstrained build operations Thread 256" [_thread_blocked, id=24876, stack(0x000000d1bc600000,0x000000d1bc700000)]
  0x00000204a839d680 JavaThread "Unconstrained build operations Thread 257" [_thread_blocked, id=35700, stack(0x000000d1bc700000,0x000000d1bc800000)]
  0x00000204a839cc60 JavaThread "Unconstrained build operations Thread 258" [_thread_blocked, id=12604, stack(0x000000d1bc800000,0x000000d1bc900000)]
  0x00000204a839d170 JavaThread "Unconstrained build operations Thread 259" [_thread_blocked, id=17980, stack(0x000000d1bc900000,0x000000d1bca00000)]
  0x00000204a839db90 JavaThread "Unconstrained build operations Thread 260" [_thread_blocked, id=4268, stack(0x000000d1bca00000,0x000000d1bcb00000)]
  0x00000204a839a8f0 JavaThread "Unconstrained build operations Thread 261" [_thread_blocked, id=31544, stack(0x000000d1bcb00000,0x000000d1bcc00000)]
  0x00000204a839e5b0 JavaThread "Unconstrained build operations Thread 262" [_thread_blocked, id=34204, stack(0x000000d1bcc00000,0x000000d1bcd00000)]
  0x00000204a83a1850 JavaThread "Unconstrained build operations Thread 263" [_thread_blocked, id=35848, stack(0x000000d1bcd00000,0x000000d1bce00000)]
  0x00000204a839f9f0 JavaThread "Unconstrained build operations Thread 264" [_thread_blocked, id=38696, stack(0x000000d1bce00000,0x000000d1bcf00000)]
  0x00000204a839eac0 JavaThread "Unconstrained build operations Thread 265" [_thread_blocked, id=28884, stack(0x000000d1bcf00000,0x000000d1bd000000)]
  0x00000204a83a0920 JavaThread "Unconstrained build operations Thread 266" [_thread_blocked, id=12452, stack(0x000000d1bd000000,0x000000d1bd100000)]
  0x00000204a83a0410 JavaThread "jar transforms Thread 4" [_thread_blocked, id=31264, stack(0x000000d1bd300000,0x000000d1bd400000)]
  0x00000204a83a0e30 JavaThread "jar transforms Thread 5" [_thread_blocked, id=30152, stack(0x000000d1bd400000,0x000000d1bd500000)]
  0x00000204a83a1340 JavaThread "jar transforms Thread 6" [_thread_blocked, id=3192, stack(0x000000d1bd500000,0x000000d1bd600000)]
  0x00000204a83a36b0 JavaThread "build event listener" [_thread_blocked, id=16836, stack(0x000000d1b0300000,0x000000d1b0400000)]
  0x00000204ad87b2e0 JavaThread "jar transforms Thread 7" [_thread_blocked, id=29128, stack(0x000000d1bd600000,0x000000d1bd700000)]
  0x00000204ad87a3b0 JavaThread "Unconstrained build operations Thread 267" [_thread_blocked, id=38528, stack(0x000000d1bd700000,0x000000d1bd800000)]
  0x00000204ad878f70 JavaThread "Unconstrained build operations Thread 268" [_thread_blocked, id=18892, stack(0x000000d1bd800000,0x000000d1bd900000)]
  0x00000204ad879480 JavaThread "Unconstrained build operations Thread 269" [_thread_blocked, id=44776, stack(0x000000d1bd900000,0x000000d1bda00000)]
  0x00000204ad87bd00 JavaThread "Unconstrained build operations Thread 270" [_thread_blocked, id=44452, stack(0x000000d1bda00000,0x000000d1bdb00000)]
  0x00000204ad87b7f0 JavaThread "Unconstrained build operations Thread 271" [_thread_blocked, id=39328, stack(0x000000d1bdb00000,0x000000d1bdc00000)]
  0x00000204ad878550 JavaThread "Unconstrained build operations Thread 272" [_thread_blocked, id=12584, stack(0x000000d1bdc00000,0x000000d1bdd00000)]
  0x00000204ad87c720 JavaThread "Unconstrained build operations Thread 273" [_thread_blocked, id=28680, stack(0x000000d1bdd00000,0x000000d1bde00000)]
  0x00000204ad87c210 JavaThread "Unconstrained build operations Thread 274" [_thread_blocked, id=34432, stack(0x000000d1bde00000,0x000000d1bdf00000)]
  0x00000204ad87cc30 JavaThread "Unconstrained build operations Thread 275" [_thread_blocked, id=15148, stack(0x000000d1bdf00000,0x000000d1be000000)]
  0x00000204ad87d140 JavaThread "Unconstrained build operations Thread 276" [_thread_blocked, id=36072, stack(0x000000d1be000000,0x000000d1be100000)]
  0x00000204ad879990 JavaThread "Unconstrained build operations Thread 277" [_thread_blocked, id=9844, stack(0x000000d1be100000,0x000000d1be200000)]
  0x00000204ad87d650 JavaThread "Unconstrained build operations Thread 278" [_thread_blocked, id=45060, stack(0x000000d1be200000,0x000000d1be300000)]
  0x00000204ad87db60 JavaThread "Unconstrained build operations Thread 279" [_thread_blocked, id=42064, stack(0x000000d1be300000,0x000000d1be400000)]
  0x00000204ad87e070 JavaThread "Unconstrained build operations Thread 280" [_thread_blocked, id=41972, stack(0x000000d1be400000,0x000000d1be500000)]
  0x00000204ad87a8c0 JavaThread "Unconstrained build operations Thread 281" [_thread_blocked, id=19916, stack(0x000000d1be500000,0x000000d1be600000)]
  0x00000204ad87efa0 JavaThread "Unconstrained build operations Thread 282" [_thread_blocked, id=40596, stack(0x000000d1be600000,0x000000d1be700000)]
  0x00000204ad87f4b0 JavaThread "Unconstrained build operations Thread 283" [_thread_blocked, id=5688, stack(0x000000d1be700000,0x000000d1be800000)]
  0x00000204ad8808f0 JavaThread "Unconstrained build operations Thread 284" [_thread_blocked, id=9476, stack(0x000000d1be800000,0x000000d1be900000)]
  0x00000204ad880e00 JavaThread "Unconstrained build operations Thread 285" [_thread_blocked, id=40380, stack(0x000000d1be900000,0x000000d1bea00000)]
  0x00000204ad8803e0 JavaThread "Unconstrained build operations Thread 286" [_thread_blocked, id=48492, stack(0x000000d1bea00000,0x000000d1beb00000)]
  0x00000204ad881820 JavaThread "Unconstrained build operations Thread 287" [_thread_blocked, id=632, stack(0x000000d1beb00000,0x000000d1bec00000)]
  0x00000204ad881310 JavaThread "Unconstrained build operations Thread 288" [_thread_blocked, id=19820, stack(0x000000d1bec00000,0x000000d1bed00000)]
  0x00000204ad881d30 JavaThread "Unconstrained build operations Thread 289" [_thread_blocked, id=38140, stack(0x000000d1bed00000,0x000000d1bee00000)]
  0x00000204ad87e580 JavaThread "Unconstrained build operations Thread 290" [_thread_blocked, id=26008, stack(0x000000d1bee00000,0x000000d1bef00000)]
  0x00000204ad87f9c0 JavaThread "Unconstrained build operations Thread 291" [_thread_blocked, id=17900, stack(0x000000d1bef00000,0x000000d1bf000000)]
  0x00000204ad87fed0 JavaThread "Unconstrained build operations Thread 292" [_thread_blocked, id=29024, stack(0x000000d1bf000000,0x000000d1bf100000)]
  0x00000204ad882240 JavaThread "Unconstrained build operations Thread 293" [_thread_blocked, id=21820, stack(0x000000d1bf100000,0x000000d1bf200000)]
  0x00000204ad87ea90 JavaThread "Unconstrained build operations Thread 294" [_thread_blocked, id=22688, stack(0x000000d1bf200000,0x000000d1bf300000)]
  0x00000204ad885f00 JavaThread "Unconstrained build operations Thread 295" [_thread_blocked, id=31148, stack(0x000000d1bf300000,0x000000d1bf400000)]
  0x00000204ad883680 JavaThread "Unconstrained build operations Thread 296" [_thread_blocked, id=47372, stack(0x000000d1bf400000,0x000000d1bf500000)]
  0x00000204ad8859f0 JavaThread "Unconstrained build operations Thread 297" [_thread_blocked, id=1932, stack(0x000000d1bf500000,0x000000d1bf600000)]
  0x00000204ad882750 JavaThread "Unconstrained build operations Thread 298" [_thread_blocked, id=32704, stack(0x000000d1bf600000,0x000000d1bf700000)]
  0x00000204ad8854e0 JavaThread "Unconstrained build operations Thread 299" [_thread_blocked, id=38632, stack(0x000000d1bf700000,0x000000d1bf800000)]
  0x00000204ad886410 JavaThread "Unconstrained build operations Thread 300" [_thread_blocked, id=41028, stack(0x000000d1bf800000,0x000000d1bf900000)]
  0x00000204ad882c60 JavaThread "Unconstrained build operations Thread 301" [_thread_blocked, id=23900, stack(0x000000d1bf900000,0x000000d1bfa00000)]
  0x00000204ad886920 JavaThread "Unconstrained build operations Thread 302" [_thread_blocked, id=40764, stack(0x000000d1bfa00000,0x000000d1bfb00000)]
  0x00000204ad883170 JavaThread "Unconstrained build operations Thread 303" [_thread_blocked, id=45084, stack(0x000000d1bfb00000,0x000000d1bfc00000)]
  0x00000204ad886e30 JavaThread "Unconstrained build operations Thread 304" [_thread_blocked, id=23292, stack(0x000000d1bfc00000,0x000000d1bfd00000)]
  0x00000204ad884ac0 JavaThread "Unconstrained build operations Thread 305" [_thread_blocked, id=29888, stack(0x000000d1bfd00000,0x000000d1bfe00000)]
  0x00000204ad887340 JavaThread "Unconstrained build operations Thread 306" [_thread_blocked, id=26456, stack(0x000000d1bfe00000,0x000000d1bff00000)]
  0x00000204ad883b90 JavaThread "Unconstrained build operations Thread 307" [_thread_blocked, id=6436, stack(0x000000d1bff00000,0x000000d1c0000000)]
  0x00000204ad887850 JavaThread "Unconstrained build operations Thread 308" [_thread_blocked, id=48384, stack(0x000000d1c0000000,0x000000d1c0100000)]
  0x00000204ad8840a0 JavaThread "Unconstrained build operations Thread 309" [_thread_blocked, id=16540, stack(0x000000d1c0100000,0x000000d1c0200000)]
  0x00000204ad887d60 JavaThread "Unconstrained build operations Thread 310" [_thread_blocked, id=12640, stack(0x000000d1c0200000,0x000000d1c0300000)]
  0x00000204ad8845b0 JavaThread "Unconstrained build operations Thread 311" [_thread_blocked, id=19108, stack(0x000000d1c0300000,0x000000d1c0400000)]
  0x00000204ad884fd0 JavaThread "Unconstrained build operations Thread 312" [_thread_blocked, id=11340, stack(0x000000d1c0400000,0x000000d1c0500000)]
  0x00000204a8d6e340 JavaThread "Unconstrained build operations Thread 313" [_thread_blocked, id=47384, stack(0x000000d1c0500000,0x000000d1c0600000)]
  0x00000204a8d6b0a0 JavaThread "Unconstrained build operations Thread 314" [_thread_blocked, id=42172, stack(0x000000d1c0600000,0x000000d1c0700000)]
  0x00000204a7a50480 JavaThread "Unconstrained build operations Thread 315" [_thread_blocked, id=12316, stack(0x000000d1c0700000,0x000000d1c0800000)]
  0x00000204a839ff00 JavaThread "Unconstrained build operations Thread 316" [_thread_blocked, id=41660, stack(0x000000d1c0800000,0x000000d1c0900000)]
  0x00000204ad776580 JavaThread "Unconstrained build operations Thread 317" [_thread_blocked, id=34920, stack(0x000000d1c0900000,0x000000d1c0a00000)]
  0x00000204ad776070 JavaThread "Unconstrained build operations Thread 318" [_thread_blocked, id=39340, stack(0x000000d1c0a00000,0x000000d1c0b00000)]
  0x00000204ad776fa0 JavaThread "Unconstrained build operations Thread 319" [_thread_blocked, id=20476, stack(0x000000d1c0b00000,0x000000d1c0c00000)]
  0x00000204ad77a240 JavaThread "Unconstrained build operations Thread 320" [_thread_blocked, id=17636, stack(0x000000d1c0c00000,0x000000d1c0d00000)]
  0x00000204ad779d30 JavaThread "jar transforms Thread 8" [_thread_blocked, id=24084, stack(0x000000d1c0d00000,0x000000d1c0e00000)]
  0x00000204ad7774b0 JavaThread "jar transforms Thread 9" [_thread_blocked, id=26300, stack(0x000000d1c0e00000,0x000000d1c0f00000)]
  0x00000204ad7788f0 JavaThread "jar transforms Thread 10" [_thread_blocked, id=19500, stack(0x000000d1c0f00000,0x000000d1c1000000)]
  0x00000204ad778e00 JavaThread "jar transforms Thread 11" [_thread_blocked, id=24568, stack(0x000000d1c1000000,0x000000d1c1100000)]
  0x00000204ad776a90 JavaThread "jar transforms Thread 12" [_thread_blocked, id=47020, stack(0x000000d1c1100000,0x000000d1c1200000)]
  0x00000204ad779820 JavaThread "jar transforms Thread 13" [_thread_blocked, id=29228, stack(0x000000d1bd200000,0x000000d1bd300000)]
  0x00000204ad77ac60 JavaThread "jar transforms Thread 14" [_thread_blocked, id=39680, stack(0x000000d1c1300000,0x000000d1c1400000)]
  0x00000204ad7779c0 JavaThread "jar transforms Thread 15" [_thread_blocked, id=20272, stack(0x000000d1c1200000,0x000000d1c1300000)]
  0x00000204ad77c0a0 JavaThread "jar transforms Thread 16" [_thread_blocked, id=29032, stack(0x000000d1c1400000,0x000000d1c1500000)]
  0x00000204ad77e410 JavaThread "jar transforms Thread 17" [_thread_blocked, id=44488, stack(0x000000d1c1500000,0x000000d1c1600000)]
  0x00000204ad77c5b0 JavaThread "jar transforms Thread 18" [_thread_blocked, id=45736, stack(0x000000d1c1600000,0x000000d1c1700000)]
  0x00000204ad77b680 JavaThread "jar transforms Thread 19" [_thread_blocked, id=29244, stack(0x000000d1c1700000,0x000000d1c1800000)]
  0x00000204ad77d4e0 JavaThread "jar transforms Thread 20" [_thread_blocked, id=43000, stack(0x000000d1c1a00000,0x000000d1c1b00000)]
  0x00000204ad77cac0 JavaThread "jar transforms Thread 21" [_thread_blocked, id=32708, stack(0x000000d1c1b00000,0x000000d1c1c00000)]
  0x00000204ad77ee30 JavaThread "jar transforms Thread 22" [_thread_blocked, id=31212, stack(0x000000d1c1d00000,0x000000d1c1e00000)]
  0x00000204ad77f340 JavaThread "jar transforms Thread 23" [_thread_blocked, id=35192, stack(0x000000d1c1e00000,0x000000d1c1f00000)]
  0x00000204ad77f850 JavaThread "jar transforms Thread 24" [_thread_blocked, id=6872, stack(0x000000d1c1f00000,0x000000d1c2000000)]
  0x00000204ad783f30 JavaThread "ForkJoinPool.commonPool-worker-11" daemon [_thread_blocked, id=2976, stack(0x000000d1c2000000,0x000000d1c2100000)]
  0x00000204ad7820d0 JavaThread "Cache worker for execution history cache (D:\tec_share\monorepo1\apps\app-rn\android\.gradle\8.13\executionHistory)" [_thread_blocked, id=37432, stack(0x000000d1c2500000,0x000000d1c2600000)]
  0x00000204ad783000 JavaThread "Exec process" [_thread_in_native, id=40188, stack(0x000000d1c2200000,0x000000d1c2300000)]
  0x00000204ad783a20 JavaThread "Exec process Thread 2" [_thread_in_native, id=22148, stack(0x000000d1c2300000,0x000000d1c2400000)]
  0x00000204ad784440 JavaThread "Exec process Thread 3" [_thread_in_native, id=15640, stack(0x000000d1c2400000,0x000000d1c2500000)]
  0x00000204ad7862a0 JavaThread "WorkerExecutor Queue" [_thread_in_native, id=19996, stack(0x000000d1c2a00000,0x000000d1c2b00000)]
  0x00000204ad785d90 JavaThread "WorkerExecutor Queue Thread 2" [_thread_blocked, id=49028, stack(0x000000d1c2b00000,0x000000d1c2c00000)]
  0x00000204ad785370 JavaThread "WorkerExecutor Queue Thread 3" [_thread_blocked, id=15592, stack(0x000000d1c2c00000,0x000000d1c2d00000)]
  0x00000204ad788100 JavaThread "WorkerExecutor Queue Thread 4" [_thread_blocked, id=48008, stack(0x000000d1c2d00000,0x000000d1c2e00000)]
  0x00000204ad784950 JavaThread "WorkerExecutor Queue Thread 5" [_thread_blocked, id=34620, stack(0x000000d1c2e00000,0x000000d1c2f00000)]
  0x00000204ad7867b0 JavaThread "WorkerExecutor Queue Thread 6" [_thread_blocked, id=28740, stack(0x000000d1c2f00000,0x000000d1c3000000)]
  0x00000204ad786cc0 JavaThread "WorkerExecutor Queue Thread 7" [_thread_blocked, id=16192, stack(0x000000d1c3000000,0x000000d1c3100000)]
  0x00000204ad7871d0 JavaThread "WorkerExecutor Queue Thread 8" [_thread_blocked, id=29156, stack(0x000000d1c3100000,0x000000d1c3200000)]
  0x00000204ad7876e0 JavaThread "WorkerExecutor Queue Thread 9" [_thread_blocked, id=18152, stack(0x000000d1c3200000,0x000000d1c3300000)]
  0x00000204ad787bf0 JavaThread "WorkerExecutor Queue Thread 10" [_thread_blocked, id=47376, stack(0x000000d1c3300000,0x000000d1c3400000)]
  0x00000204ad788610 JavaThread "WorkerExecutor Queue Thread 11" [_thread_blocked, id=18576, stack(0x000000d1c3400000,0x000000d1c3500000)]
  0x00000204ad784e60 JavaThread "WorkerExecutor Queue Thread 12" [_thread_blocked, id=14204, stack(0x000000d1c3500000,0x000000d1c3600000)]
  0x00000204ad789a50 JavaThread "WorkerExecutor Queue Thread 13" [_thread_blocked, id=34600, stack(0x000000d1c3600000,0x000000d1c3700000)]
  0x00000204ad789030 JavaThread "WorkerExecutor Queue Thread 14" [_thread_blocked, id=28956, stack(0x000000d1c3700000,0x000000d1c3800000)]
  0x00000204ad789f60 JavaThread "WorkerExecutor Queue Thread 15" [_thread_blocked, id=13192, stack(0x000000d1c3800000,0x000000d1c3900000)]
  0x00000204ad788b20 JavaThread "WorkerExecutor Queue Thread 16" [_thread_blocked, id=10184, stack(0x000000d1c3900000,0x000000d1c3a00000)]
  0x00000204ad789540 JavaThread "WorkerExecutor Queue Thread 17" [_thread_blocked, id=31300, stack(0x000000d1c3a00000,0x000000d1c3b00000)]
  0x00000204ad78d200 JavaThread "WorkerExecutor Queue Thread 18" [_thread_blocked, id=48800, stack(0x000000d1c3b00000,0x000000d1c3c00000)]
  0x00000204ad78b3a0 JavaThread "WorkerExecutor Queue Thread 19" [_thread_blocked, id=20640, stack(0x000000d1c3c00000,0x000000d1c3d00000)]
  0x00000204ad78ccf0 JavaThread "WorkerExecutor Queue Thread 20" [_thread_blocked, id=38752, stack(0x000000d1c3d00000,0x000000d1c3e00000)]
  0x00000204ad78c7e0 JavaThread "WorkerExecutor Queue Thread 21" [_thread_blocked, id=26376, stack(0x000000d1c3e00000,0x000000d1c3f00000)]
  0x00000204ad78a470 JavaThread "WorkerExecutor Queue Thread 22" [_thread_blocked, id=36328, stack(0x000000d1c3f00000,0x000000d1c4000000)]
  0x00000204ad78d710 JavaThread "WorkerExecutor Queue Thread 24" [_thread_blocked, id=24704, stack(0x000000d1c4100000,0x000000d1c4200000)]
  0x00000204ad78b8b0 JavaThread "WorkerExecutor Queue Thread 25" [_thread_blocked, id=1952, stack(0x000000d1c4200000,0x000000d1c4300000)]
  0x00000204ad78bdc0 JavaThread "WorkerExecutor Queue Thread 26" [_thread_blocked, id=45620, stack(0x000000d1c4300000,0x000000d1c4400000)]
  0x00000204ad78dc20 JavaThread "WorkerExecutor Queue Thread 27" [_thread_in_native, id=35648, stack(0x000000d1c4600000,0x000000d1c4700000)]
  0x00000204ad78ae90 JavaThread "WorkerExecutor Queue Thread 28" [_thread_blocked, id=7512, stack(0x000000d1c4700000,0x000000d1c4800000)]
  0x00000204ad78c2d0 JavaThread "WorkerExecutor Queue Thread 29" [_thread_blocked, id=17640, stack(0x000000d1c4800000,0x000000d1c4900000)]
  0x00000204ad78a980 JavaThread "WorkerExecutor Queue Thread 30" [_thread_blocked, id=39240, stack(0x000000d1c4900000,0x000000d1c4a00000)]
  0x00000204ad7909b0 JavaThread "WorkerExecutor Queue Thread 31" [_thread_blocked, id=27016, stack(0x000000d1c4a00000,0x000000d1c4b00000)]
  0x00000204ad78f060 JavaThread "WorkerExecutor Queue Thread 32" [_thread_blocked, id=23728, stack(0x000000d1c4b00000,0x000000d1c4c00000)]
  0x00000204ad78e640 JavaThread "pool-3-thread-1" [_thread_blocked, id=33648, stack(0x000000d1c4c00000,0x000000d1c4d00000)]
  0x00000204ad7904a0 JavaThread "stderr" [_thread_in_native, id=37028, stack(0x000000d1c4d00000,0x000000d1c4e00000)]
  0x00000204ad78ff90 JavaThread "stdout" [_thread_in_native, id=20124, stack(0x000000d1c4e00000,0x000000d1c4f00000)]
  0x00000204ad78fa80 JavaThread "stderr" [_thread_in_native, id=43104, stack(0x000000d1c4f00000,0x000000d1c5000000)]
  0x00000204ad7913d0 JavaThread "stdout" [_thread_in_native, id=19196, stack(0x000000d1c5000000,0x000000d1c5100000)]
  0x00000204ad791df0 JavaThread "stderr" [_thread_in_native, id=46724, stack(0x000000d1c5100000,0x000000d1c5200000)]
  0x00000204ad792300 JavaThread "stdout" [_thread_in_native, id=20028, stack(0x000000d1c5200000,0x000000d1c5300000)]
  0x00000204ad78eb50 JavaThread "stderr" [_thread_in_native, id=30384, stack(0x000000d1c5300000,0x000000d1c5400000)]
  0x00000204ad7955a0 JavaThread "stdout" [_thread_in_native, id=26932, stack(0x000000d1c5400000,0x000000d1c5500000)]
  0x00000204ad792810 JavaThread "stderr" [_thread_in_native, id=25732, stack(0x000000d1c5500000,0x000000d1c5600000)]
  0x00000204ad793740 JavaThread "stdout" [_thread_in_native, id=29028, stack(0x000000d1c5600000,0x000000d1c5700000)]
  0x00000204ad793c50 JavaThread "stderr" [_thread_in_native, id=44940, stack(0x000000d1c5700000,0x000000d1c5800000)]
  0x00000204ad794670 JavaThread "stdout" [_thread_in_native, id=17320, stack(0x000000d1c5800000,0x000000d1c5900000)]
  0x00000204ad795ab0 JavaThread "stderr" [_thread_in_native, id=47456, stack(0x000000d1c5900000,0x000000d1c5a00000)]
  0x00000204ad792d20 JavaThread "stdout" [_thread_in_native, id=36208, stack(0x000000d1c5a00000,0x000000d1c5b00000)]
  0x00000204ad795090 JavaThread "stderr" [_thread_in_native, id=15044, stack(0x000000d1c5b00000,0x000000d1c5c00000)]
  0x00000204ad793230 JavaThread "stdout" [_thread_in_native, id=44996, stack(0x000000d1c5c00000,0x000000d1c5d00000)]
  0x00000204acb6a140 JavaThread "Cache worker for Java compile cache (C:\Users\34975\.gradle\caches\8.13\javaCompile)" [_thread_blocked, id=33616, stack(0x000000d1ad800000,0x000000d1ad900000)]
  0x00000204a83a40d0 JavaThread "Build operations" [_thread_blocked, id=39168, stack(0x000000d1c1c00000,0x000000d1c1d00000)]
  0x00000204ad878a60 JavaThread "Build operations Thread 2" [_thread_blocked, id=47764, stack(0x000000d1c5d00000,0x000000d1c5e00000)]
  0x00000204b865e1d0 JavaThread "Build operations Thread 3" [_thread_blocked, id=13936, stack(0x000000d1c5e00000,0x000000d1c5f00000)]
  0x00000204b865e6e0 JavaThread "Build operations Thread 4" [_thread_blocked, id=14264, stack(0x000000d1c5f00000,0x000000d1c6000000)]
  0x00000204b865dcc0 JavaThread "Build operations Thread 5" [_thread_blocked, id=5500, stack(0x000000d1c6000000,0x000000d1c6100000)]
  0x00000204b865d7b0 JavaThread "Build operations Thread 6" [_thread_blocked, id=9284, stack(0x000000d1c6100000,0x000000d1c6200000)]
  0x00000204b865ebf0 JavaThread "Build operations Thread 7" [_thread_blocked, id=10652, stack(0x000000d1c6200000,0x000000d1c6300000)]
  0x00000204b8660030 JavaThread "Build operations Thread 8" [_thread_blocked, id=17468, stack(0x000000d1c6300000,0x000000d1c6400000)]
  0x00000204b865cd90 JavaThread "Build operations Thread 9" [_thread_blocked, id=37948, stack(0x000000d1c6400000,0x000000d1c6500000)]
  0x00000204b865f100 JavaThread "Build operations Thread 10" [_thread_blocked, id=47420, stack(0x000000d1c6500000,0x000000d1c6600000)]
  0x00000204b865f610 JavaThread "Build operations Thread 11" [_thread_blocked, id=23624, stack(0x000000d1c6600000,0x000000d1c6700000)]
  0x00000204b8660a50 JavaThread "Build operations Thread 12" [_thread_blocked, id=33172, stack(0x000000d1c6700000,0x000000d1c6800000)]
  0x00000204b865fb20 JavaThread "Build operations Thread 13" [_thread_blocked, id=34120, stack(0x000000d1c6800000,0x000000d1c6900000)]
  0x00000204b8660540 JavaThread "Build operations Thread 14" [_thread_blocked, id=15992, stack(0x000000d1c6900000,0x000000d1c6a00000)]
  0x00000204b865d2a0 JavaThread "Build operations Thread 15" [_thread_blocked, id=25076, stack(0x000000d1c6a00000,0x000000d1c6b00000)]
  0x00000204b86632d0 JavaThread "Build operations Thread 16" [_thread_blocked, id=8860, stack(0x000000d1c6b00000,0x000000d1c6c00000)]
  0x00000204b8661470 JavaThread "Build operations Thread 17" [_thread_blocked, id=46236, stack(0x000000d1c6c00000,0x000000d1c6d00000)]
  0x00000204b86623a0 JavaThread "Build operations Thread 18" [_thread_blocked, id=41696, stack(0x000000d1c6d00000,0x000000d1c6e00000)]
  0x00000204b8663cf0 JavaThread "Build operations Thread 19" [_thread_blocked, id=38292, stack(0x000000d1c6e00000,0x000000d1c6f00000)]
  0x00000204b8660f60 JavaThread "Build operations Thread 20" [_thread_blocked, id=1552, stack(0x000000d1c6f00000,0x000000d1c7000000)]
  0x00000204b8664710 JavaThread "Build operations Thread 21" [_thread_blocked, id=21844, stack(0x000000d1c7000000,0x000000d1c7100000)]
  0x00000204b86637e0 JavaThread "Build operations Thread 22" [_thread_blocked, id=43144, stack(0x000000d1c7100000,0x000000d1c7200000)]
  0x00000204b8662dc0 JavaThread "Build operations Thread 23" [_thread_blocked, id=44424, stack(0x000000d1c7200000,0x000000d1c7300000)]
  0x00000204b86628b0 JavaThread "Build operations Thread 24" [_thread_blocked, id=45316, stack(0x000000d1c7300000,0x000000d1c7400000)]
  0x00000204b8661e90 JavaThread "Build operations Thread 25" [_thread_blocked, id=14940, stack(0x000000d1c7400000,0x000000d1c7500000)]
  0x00000204b8661980 JavaThread "Build operations Thread 26" [_thread_blocked, id=45100, stack(0x000000d1c7500000,0x000000d1c7600000)]
  0x00000204b8666a80 JavaThread "Build operations Thread 27" [_thread_blocked, id=20908, stack(0x000000d1c7600000,0x000000d1c7700000)]
  0x00000204b8666f90 JavaThread "Build operations Thread 28" [_thread_blocked, id=14612, stack(0x000000d1c7700000,0x000000d1c7800000)]
  0x00000204b86674a0 JavaThread "Build operations Thread 29" [_thread_blocked, id=36276, stack(0x000000d1c7800000,0x000000d1c7900000)]
  0x00000204b8666060 JavaThread "Build operations Thread 30" [_thread_blocked, id=30168, stack(0x000000d1c7900000,0x000000d1c7a00000)]
  0x00000204b86679b0 JavaThread "Build operations Thread 31" [_thread_blocked, id=31564, stack(0x000000d1c7a00000,0x000000d1c7b00000)]
  0x00000204b8665130 JavaThread "RMI Scheduler(0)" daemon [_thread_blocked, id=13096, stack(0x000000d1ae300000,0x000000d1ae400000)]
  0x00000204b866bb80 JavaThread "RMI RenewClean-[127.0.0.1:17990,org.jetbrains.kotlin.daemon.common.LoopbackNetworkInterface$ClientLoopbackSocketFactory@30ccb924]" daemon [_thread_blocked, id=31660, stack(0x000000d1ae200000,0x000000d1ae300000)]
  0x00000204b8668df0 JavaThread "RMI GC Daemon" daemon [_thread_blocked, id=15844, stack(0x000000d1bd100000,0x000000d1bd200000)]
  0x00000204b866b670 JavaThread "RMI TCP Accept-0" daemon [_thread_in_native, id=17304, stack(0x000000d1c1800000,0x000000d1c1900000)]
  0x00000204b866cab0 JavaThread "RMI Reaper" [_thread_blocked, id=13216, stack(0x000000d1c1900000,0x000000d1c1a00000)]
  0x00000204b8669810 JavaThread "RMI TCP Connection(1)-127.0.0.1" daemon [_thread_in_native, id=33736, stack(0x000000d1c7b00000,0x000000d1c7c00000)]
  0x00000204b8669300 JavaThread "WorkerExecutor Queue Thread 33" [_thread_blocked, id=45564, stack(0x000000d1a6600000,0x000000d1a6700000)]
  0x00000204b5510f50 JavaThread "C1 CompilerThread1" daemon [_thread_blocked, id=6660, stack(0x000000d1a4400000,0x000000d1a4500000)]
  0x00000204b5510a00 JavaThread "C1 CompilerThread2" daemon [_thread_blocked, id=15632, stack(0x000000d1a4500000,0x000000d1a4600000)]
  0x00000204aa0b0a70 JavaThread "C2 CompilerThread1" daemon [_thread_in_native, id=14372, stack(0x000000d1a5800000,0x000000d1a5900000)]
  0x00000204ad5f2080 JavaThread "C2 CompilerThread2" daemon [_thread_in_native, id=25596, stack(0x000000d1a5a00000,0x000000d1a5b00000)]
=>0x00000204b97724e0 JavaThread "C2 CompilerThread3" daemon [_thread_in_native, id=8128, stack(0x000000d1a6000000,0x000000d1a6100000)]
  0x00000204b9771f90 JavaThread "C2 CompilerThread4" daemon [_thread_in_native, id=4524, stack(0x000000d1ae000000,0x000000d1ae100000)]
  0x00000204b3764ea0 JavaThread "C2 CompilerThread5" daemon [_thread_in_native, id=26176, stack(0x000000d1a4600000,0x000000d1a4700000)]

Other Threads:
  0x00000204ff52e6a0 VMThread "VM Thread" [stack: 0x000000d1a4d00000,0x000000d1a4e00000] [id=24712]
  0x00000204e4670d70 WatcherThread [stack: 0x000000d1a5c00000,0x000000d1a5d00000] [id=31676]
  0x00000204e463ca40 GCTaskThread "GC Thread#0" [stack: 0x000000d1a4800000,0x000000d1a4900000] [id=22580]
  0x00000204a6273f90 GCTaskThread "GC Thread#1" [stack: 0x000000d1a6100000,0x000000d1a6200000] [id=17824]
  0x00000204a60a4760 GCTaskThread "GC Thread#2" [stack: 0x000000d1a6200000,0x000000d1a6300000] [id=7516]
  0x00000204a6581960 GCTaskThread "GC Thread#3" [stack: 0x000000d1a6300000,0x000000d1a6400000] [id=10896]
  0x00000204a62d6de0 GCTaskThread "GC Thread#4" [stack: 0x000000d1a6400000,0x000000d1a6500000] [id=34352]
  0x00000204a618c090 GCTaskThread "GC Thread#5" [stack: 0x000000d1a6500000,0x000000d1a6600000] [id=37912]
  0x00000204a8cf5520 GCTaskThread "GC Thread#6" [stack: 0x000000d1a7500000,0x000000d1a7600000] [id=16264]
  0x00000204a8cf44a0 GCTaskThread "GC Thread#7" [stack: 0x000000d1a7600000,0x000000d1a7700000] [id=43272]
  0x00000204a8cf57e0 GCTaskThread "GC Thread#8" [stack: 0x000000d1a7700000,0x000000d1a7800000] [id=48628]
  0x00000204a8cf6020 GCTaskThread "GC Thread#9" [stack: 0x000000d1a7800000,0x000000d1a7900000] [id=44300]
  0x00000204a8cf5aa0 GCTaskThread "GC Thread#10" [stack: 0x000000d1a7900000,0x000000d1a7a00000] [id=3740]
  0x00000204a8cf5d60 GCTaskThread "GC Thread#11" [stack: 0x000000d1a7a00000,0x000000d1a7b00000] [id=20020]
  0x00000204a8cf4760 GCTaskThread "GC Thread#12" [stack: 0x000000d1a7b00000,0x000000d1a7c00000] [id=40168]
  0x00000204a8cf4fa0 GCTaskThread "GC Thread#13" [stack: 0x000000d1a7c00000,0x000000d1a7d00000] [id=44168]
  0x00000204a8cf4a20 GCTaskThread "GC Thread#14" [stack: 0x000000d1a7d00000,0x000000d1a7e00000] [id=36536]
  0x00000204a8cf4ce0 GCTaskThread "GC Thread#15" [stack: 0x000000d1a7e00000,0x000000d1a7f00000] [id=31740]
  0x00000204aa9c0060 GCTaskThread "GC Thread#16" [stack: 0x000000d1a7f00000,0x000000d1a8000000] [id=28864]
  0x00000204aa9c1920 GCTaskThread "GC Thread#17" [stack: 0x000000d1a8000000,0x000000d1a8100000] [id=47988]
  0x00000204aa9c05e0 GCTaskThread "GC Thread#18" [stack: 0x000000d1a8100000,0x000000d1a8200000] [id=32452]
  0x00000204aa9c1660 GCTaskThread "GC Thread#19" [stack: 0x000000d1a8200000,0x000000d1a8300000] [id=20888]
  0x00000204aa9c2420 GCTaskThread "GC Thread#20" [stack: 0x000000d1a8300000,0x000000d1a8400000] [id=44280]
  0x00000204aa9bf560 GCTaskThread "GC Thread#21" [stack: 0x000000d1a8400000,0x000000d1a8500000] [id=46404]
  0x00000204aa9c0320 GCTaskThread "GC Thread#22" [stack: 0x000000d1a8500000,0x000000d1a8600000] [id=20444]
  0x00000204e45f97b0 ConcurrentGCThread "G1 Main Marker" [stack: 0x000000d1a4900000,0x000000d1a4a00000] [id=8336]
  0x00000204e464ebc0 ConcurrentGCThread "G1 Conc#0" [stack: 0x000000d1a4a00000,0x000000d1a4b00000] [id=24828]
  0x00000204aa9c10e0 ConcurrentGCThread "G1 Conc#1" [stack: 0x000000d1a8600000,0x000000d1a8700000] [id=27772]
  0x00000204aa9c2f20 ConcurrentGCThread "G1 Conc#2" [stack: 0x000000d1a8700000,0x000000d1a8800000] [id=17012]
  0x00000204aa9bf820 ConcurrentGCThread "G1 Conc#3" [stack: 0x000000d1a8800000,0x000000d1a8900000] [id=12864]
  0x00000204aa9c1be0 ConcurrentGCThread "G1 Conc#4" [stack: 0x000000d1a8900000,0x000000d1a8a00000] [id=33056]
  0x00000204aa9bfae0 ConcurrentGCThread "G1 Conc#5" [stack: 0x000000d1a8a00000,0x000000d1a8b00000] [id=24572]
  0x00000204e469e480 ConcurrentGCThread "G1 Refine#0" [stack: 0x000000d1a4b00000,0x000000d1a4c00000] [id=2952]
  0x00000204a67b8110 ConcurrentGCThread "G1 Refine#1" [stack: 0x000000d1c2100000,0x000000d1c2200000] [id=15428]
  0x00000204b43e3d90 ConcurrentGCThread "G1 Refine#2" [stack: 0x000000d1c2600000,0x000000d1c2700000] [id=30752]
  0x00000204b3848810 ConcurrentGCThread "G1 Refine#3" [stack: 0x000000d1c2700000,0x000000d1c2800000] [id=44084]
  0x00000204b43e34c0 ConcurrentGCThread "G1 Refine#4" [stack: 0x000000d1c2800000,0x000000d1c2900000] [id=46628]
  0x00000204addff260 ConcurrentGCThread "G1 Refine#5" [stack: 0x000000d1c2900000,0x000000d1c2a00000] [id=6032]
  0x00000204e469eb60 ConcurrentGCThread "G1 Service" [stack: 0x000000d1a4c00000,0x000000d1a4d00000] [id=32740]

Threads with active compile tasks:
C2 CompilerThread0   151291 32345       4       com.intellij.psi.stubs.MaterialStubList::addStub (25 bytes)
C2 CompilerThread1   151291 32346       4       com.intellij.psi.stubs.StubList::addStub (81 bytes)
C2 CompilerThread2   151291 32347       4       com.intellij.psi.stubs.StubList::addStub (139 bytes)
C2 CompilerThread3   151291 32322       4       com.intellij.psi.stubs.StubBase::<init> (106 bytes)
C2 CompilerThread4   151291 32431       4       org.jetbrains.kotlin.analysis.decompiler.stub.ClsStubBuildingKt::createModifierListStub$lambda$5 (15 bytes)
C2 CompilerThread5   151291 32348       4       com.intellij.psi.stubs.StubList$TempState::ensureCapacityForNextChild (153 bytes)

VM state: not at safepoint (normal execution)

VM Mutex/Monitor currently owned by a thread: None

Heap address: 0x0000000080000000, size: 2048 MB, Compressed Oops mode: 32-bit

CDS archive(s) mapped at: [0x0000020487000000-0x0000020487bd0000-0x0000020487bd0000), size 12386304, SharedBaseAddress: 0x0000020487000000, ArchiveRelocationMode: 1.
Compressed class space mapped at: 0x0000020488000000-0x00000204a2000000, reserved size: 436207616
Narrow klass base: 0x0000020487000000, Narrow klass shift: 0, Narrow klass range: 0x100000000

GC Precious Log:
 CPUs: 32 total, 32 available
 Memory: 16077M
 Large Page Support: Disabled
 NUMA Support: Disabled
 Compressed Oops: Enabled (32-bit)
 Heap Region Size: 1M
 Heap Min Capacity: 8M
 Heap Initial Capacity: 252M
 Heap Max Capacity: 2G
 Pre-touch: Disabled
 Parallel Workers: 23
 Concurrent Workers: 6
 Concurrent Refinement Workers: 23
 Periodic GC: Disabled

Heap:
 garbage-first heap   total 539648K, used 351315K [0x0000000080000000, 0x0000000100000000)
  region size 1024K, 36 young (36864K), 17 survivors (17408K)
 Metaspace       used 197016K, committed 199104K, reserved 622592K
  class space    used 25990K, committed 27008K, reserved 425984K

Heap Regions: E=young(eden), S=young(survivor), O=old, HS=humongous(starts), HC=humongous(continues), CS=collection set, F=free, OA=open archive, CA=closed archive, TAMS=top-at-mark-start (previous, next)
|   0|0x0000000080000000, 0x0000000080100000, 0x0000000080100000|100%|HS|  |TAMS 0x0000000080100000, 0x0000000080000000| Complete 
|   1|0x0000000080100000, 0x0000000080200000, 0x0000000080200000|100%|HC|  |TAMS 0x0000000080200000, 0x0000000080100000| Complete 
|   2|0x0000000080200000, 0x0000000080300000, 0x0000000080300000|100%|HC|  |TAMS 0x0000000080300000, 0x0000000080200000| Complete 
|   3|0x0000000080300000, 0x0000000080400000, 0x0000000080400000|100%| O|  |TAMS 0x0000000080400000, 0x0000000080300000| Untracked 
|   4|0x0000000080400000, 0x0000000080500000, 0x0000000080500000|100%| O|  |TAMS 0x0000000080500000, 0x0000000080400000| Untracked 
|   5|0x0000000080500000, 0x0000000080600000, 0x0000000080600000|100%| O|  |TAMS 0x0000000080600000, 0x0000000080500000| Untracked 
|   6|0x0000000080600000, 0x0000000080700000, 0x0000000080700000|100%|HS|  |TAMS 0x0000000080700000, 0x0000000080600000| Complete 
|   7|0x0000000080700000, 0x0000000080800000, 0x0000000080800000|100%| O|  |TAMS 0x0000000080800000, 0x0000000080700000| Untracked 
|   8|0x0000000080800000, 0x0000000080900000, 0x0000000080900000|100%| O|  |TAMS 0x0000000080900000, 0x0000000080800000| Untracked 
|   9|0x0000000080900000, 0x0000000080a00000, 0x0000000080a00000|100%| O|  |TAMS 0x0000000080a00000, 0x0000000080900000| Untracked 
|  10|0x0000000080a00000, 0x0000000080b00000, 0x0000000080b00000|100%| O|  |TAMS 0x0000000080b00000, 0x0000000080a00000| Untracked 
|  11|0x0000000080b00000, 0x0000000080c00000, 0x0000000080c00000|100%| O|  |TAMS 0x0000000080c00000, 0x0000000080b00000| Untracked 
|  12|0x0000000080c00000, 0x0000000080cd4a00, 0x0000000080d00000| 83%| O|  |TAMS 0x0000000080cd4a00, 0x0000000080c00000| Untracked 
|  13|0x0000000080d00000, 0x0000000080e00000, 0x0000000080e00000|100%| O|  |TAMS 0x0000000080e00000, 0x0000000080d00000| Untracked 
|  14|0x0000000080e00000, 0x0000000080f00000, 0x0000000080f00000|100%| O|  |TAMS 0x0000000080f00000, 0x0000000080e00000| Untracked 
|  15|0x0000000080f00000, 0x0000000081000000, 0x0000000081000000|100%| O|  |TAMS 0x0000000081000000, 0x0000000080f00000| Untracked 
|  16|0x0000000081000000, 0x0000000081100000, 0x0000000081100000|100%| O|  |TAMS 0x0000000081100000, 0x0000000081000000| Untracked 
|  17|0x0000000081100000, 0x0000000081200000, 0x0000000081200000|100%| O|  |TAMS 0x0000000081200000, 0x0000000081100000| Untracked 
|  18|0x0000000081200000, 0x0000000081300000, 0x0000000081300000|100%| O|  |TAMS 0x0000000081300000, 0x0000000081200000| Untracked 
|  19|0x0000000081300000, 0x0000000081400000, 0x0000000081400000|100%| O|  |TAMS 0x0000000081400000, 0x0000000081300000| Untracked 
|  20|0x0000000081400000, 0x0000000081500000, 0x0000000081500000|100%| O|  |TAMS 0x0000000081500000, 0x0000000081400000| Untracked 
|  21|0x0000000081500000, 0x0000000081600000, 0x0000000081600000|100%| O|  |TAMS 0x0000000081600000, 0x0000000081500000| Untracked 
|  22|0x0000000081600000, 0x0000000081700000, 0x0000000081700000|100%| O|  |TAMS 0x0000000081700000, 0x0000000081600000| Untracked 
|  23|0x0000000081700000, 0x0000000081800000, 0x0000000081800000|100%| O|  |TAMS 0x0000000081800000, 0x0000000081700000| Untracked 
|  24|0x0000000081800000, 0x0000000081900000, 0x0000000081900000|100%| O|  |TAMS 0x0000000081900000, 0x0000000081800000| Untracked 
|  25|0x0000000081900000, 0x0000000081a00000, 0x0000000081a00000|100%| O|  |TAMS 0x0000000081a00000, 0x0000000081900000| Untracked 
|  26|0x0000000081a00000, 0x0000000081b00000, 0x0000000081b00000|100%| O|  |TAMS 0x0000000081b00000, 0x0000000081a00000| Untracked 
|  27|0x0000000081b00000, 0x0000000081c00000, 0x0000000081c00000|100%| O|  |TAMS 0x0000000081c00000, 0x0000000081b00000| Untracked 
|  28|0x0000000081c00000, 0x0000000081d00000, 0x0000000081d00000|100%| O|  |TAMS 0x0000000081d00000, 0x0000000081c00000| Untracked 
|  29|0x0000000081d00000, 0x0000000081e00000, 0x0000000081e00000|100%| O|  |TAMS 0x0000000081e00000, 0x0000000081d00000| Untracked 
|  30|0x0000000081e00000, 0x0000000081f00000, 0x0000000081f00000|100%| O|  |TAMS 0x0000000081f00000, 0x0000000081e00000| Untracked 
|  31|0x0000000081f00000, 0x0000000082000000, 0x0000000082000000|100%| O|  |TAMS 0x0000000082000000, 0x0000000081f00000| Untracked 
|  32|0x0000000082000000, 0x0000000082100000, 0x0000000082100000|100%| O|  |TAMS 0x0000000082100000, 0x0000000082000000| Untracked 
|  33|0x0000000082100000, 0x0000000082200000, 0x0000000082200000|100%| O|  |TAMS 0x0000000082200000, 0x0000000082100000| Untracked 
|  34|0x0000000082200000, 0x0000000082300000, 0x0000000082300000|100%| O|  |TAMS 0x0000000082300000, 0x0000000082200000| Untracked 
|  35|0x0000000082300000, 0x0000000082400000, 0x0000000082400000|100%| O|  |TAMS 0x0000000082400000, 0x0000000082300000| Untracked 
|  36|0x0000000082400000, 0x0000000082500000, 0x0000000082500000|100%| O|  |TAMS 0x0000000082500000, 0x0000000082400000| Untracked 
|  37|0x0000000082500000, 0x0000000082600000, 0x0000000082600000|100%| O|  |TAMS 0x0000000082600000, 0x0000000082500000| Untracked 
|  38|0x0000000082600000, 0x0000000082700000, 0x0000000082700000|100%| O|  |TAMS 0x0000000082700000, 0x0000000082600000| Untracked 
|  39|0x0000000082700000, 0x0000000082800000, 0x0000000082800000|100%|HS|  |TAMS 0x0000000082800000, 0x0000000082700000| Complete 
|  40|0x0000000082800000, 0x0000000082900000, 0x0000000082900000|100%|HC|  |TAMS 0x0000000082900000, 0x0000000082800000| Complete 
|  41|0x0000000082900000, 0x0000000082a00000, 0x0000000082a00000|100%|HS|  |TAMS 0x0000000082a00000, 0x0000000082900000| Complete 
|  42|0x0000000082a00000, 0x0000000082b00000, 0x0000000082b00000|100%|HC|  |TAMS 0x0000000082b00000, 0x0000000082a00000| Complete 
|  43|0x0000000082b00000, 0x0000000082c00000, 0x0000000082c00000|100%|HC|  |TAMS 0x0000000082c00000, 0x0000000082b00000| Complete 
|  44|0x0000000082c00000, 0x0000000082d00000, 0x0000000082d00000|100%|HS|  |TAMS 0x0000000082d00000, 0x0000000082c00000| Complete 
|  45|0x0000000082d00000, 0x0000000082e00000, 0x0000000082e00000|100%|HC|  |TAMS 0x0000000082e00000, 0x0000000082d00000| Complete 
|  46|0x0000000082e00000, 0x0000000082f00000, 0x0000000082f00000|100%| O|  |TAMS 0x0000000082f00000, 0x0000000082e00000| Untracked 
|  47|0x0000000082f00000, 0x0000000083000000, 0x0000000083000000|100%| O|  |TAMS 0x0000000083000000, 0x0000000082f00000| Untracked 
|  48|0x0000000083000000, 0x0000000083100000, 0x0000000083100000|100%| O|  |TAMS 0x0000000083100000, 0x0000000083000000| Untracked 
|  49|0x0000000083100000, 0x0000000083200000, 0x0000000083200000|100%| O|  |TAMS 0x0000000083200000, 0x0000000083100000| Untracked 
|  50|0x0000000083200000, 0x0000000083300000, 0x0000000083300000|100%| O|  |TAMS 0x0000000083300000, 0x0000000083200000| Untracked 
|  51|0x0000000083300000, 0x0000000083400000, 0x0000000083400000|100%| O|  |TAMS 0x0000000083400000, 0x0000000083300000| Untracked 
|  52|0x0000000083400000, 0x0000000083500000, 0x0000000083500000|100%|HS|  |TAMS 0x0000000083500000, 0x0000000083400000| Complete 
|  53|0x0000000083500000, 0x0000000083600000, 0x0000000083600000|100%| O|  |TAMS 0x0000000083600000, 0x0000000083500000| Untracked 
|  54|0x0000000083600000, 0x0000000083700000, 0x0000000083700000|100%| O|  |TAMS 0x0000000083700000, 0x0000000083600000| Untracked 
|  55|0x0000000083700000, 0x0000000083800000, 0x0000000083800000|100%| O|  |TAMS 0x0000000083800000, 0x0000000083700000| Untracked 
|  56|0x0000000083800000, 0x0000000083900000, 0x0000000083900000|100%| O|  |TAMS 0x0000000083900000, 0x0000000083800000| Untracked 
|  57|0x0000000083900000, 0x0000000083a00000, 0x0000000083a00000|100%| O|  |TAMS 0x0000000083a00000, 0x0000000083900000| Untracked 
|  58|0x0000000083a00000, 0x0000000083b00000, 0x0000000083b00000|100%|HS|  |TAMS 0x0000000083b00000, 0x0000000083a00000| Complete 
|  59|0x0000000083b00000, 0x0000000083c00000, 0x0000000083c00000|100%|HC|  |TAMS 0x0000000083c00000, 0x0000000083b00000| Complete 
|  60|0x0000000083c00000, 0x0000000083d00000, 0x0000000083d00000|100%|HC|  |TAMS 0x0000000083d00000, 0x0000000083c00000| Complete 
|  61|0x0000000083d00000, 0x0000000083e00000, 0x0000000083e00000|100%| O|  |TAMS 0x0000000083e00000, 0x0000000083d00000| Untracked 
|  62|0x0000000083e00000, 0x0000000083f00000, 0x0000000083f00000|100%| O|  |TAMS 0x0000000083f00000, 0x0000000083e00000| Untracked 
|  63|0x0000000083f00000, 0x0000000084000000, 0x0000000084000000|100%| O|  |TAMS 0x0000000084000000, 0x0000000083f00000| Untracked 
|  64|0x0000000084000000, 0x0000000084100000, 0x0000000084100000|100%| O|  |TAMS 0x0000000084100000, 0x0000000084000000| Untracked 
|  65|0x0000000084100000, 0x0000000084200000, 0x0000000084200000|100%| O|  |TAMS 0x0000000084200000, 0x0000000084100000| Untracked 
|  66|0x0000000084200000, 0x0000000084300000, 0x0000000084300000|100%| O|  |TAMS 0x0000000084300000, 0x0000000084200000| Untracked 
|  67|0x0000000084300000, 0x0000000084400000, 0x0000000084400000|100%| O|  |TAMS 0x0000000084400000, 0x0000000084300000| Untracked 
|  68|0x0000000084400000, 0x0000000084500000, 0x0000000084500000|100%| O|  |TAMS 0x0000000084500000, 0x0000000084400000| Untracked 
|  69|0x0000000084500000, 0x0000000084600000, 0x0000000084600000|100%| O|  |TAMS 0x0000000084600000, 0x0000000084500000| Untracked 
|  70|0x0000000084600000, 0x0000000084700000, 0x0000000084700000|100%| O|  |TAMS 0x0000000084700000, 0x0000000084600000| Untracked 
|  71|0x0000000084700000, 0x0000000084800000, 0x0000000084800000|100%| O|  |TAMS 0x0000000084800000, 0x0000000084700000| Untracked 
|  72|0x0000000084800000, 0x0000000084900000, 0x0000000084900000|100%| O|  |TAMS 0x0000000084900000, 0x0000000084800000| Untracked 
|  73|0x0000000084900000, 0x0000000084a00000, 0x0000000084a00000|100%| O|  |TAMS 0x0000000084a00000, 0x0000000084900000| Untracked 
|  74|0x0000000084a00000, 0x0000000084b00000, 0x0000000084b00000|100%| O|  |TAMS 0x0000000084b00000, 0x0000000084a00000| Untracked 
|  75|0x0000000084b00000, 0x0000000084c00000, 0x0000000084c00000|100%| O|  |TAMS 0x0000000084c00000, 0x0000000084b00000| Untracked 
|  76|0x0000000084c00000, 0x0000000084d00000, 0x0000000084d00000|100%| O|  |TAMS 0x0000000084d00000, 0x0000000084c00000| Untracked 
|  77|0x0000000084d00000, 0x0000000084e00000, 0x0000000084e00000|100%| O|  |TAMS 0x0000000084e00000, 0x0000000084d00000| Untracked 
|  78|0x0000000084e00000, 0x0000000084f00000, 0x0000000084f00000|100%| O|  |TAMS 0x0000000084f00000, 0x0000000084e00000| Untracked 
|  79|0x0000000084f00000, 0x0000000085000000, 0x0000000085000000|100%| O|  |TAMS 0x0000000085000000, 0x0000000084f00000| Untracked 
|  80|0x0000000085000000, 0x0000000085100000, 0x0000000085100000|100%| O|  |TAMS 0x0000000085100000, 0x0000000085000000| Untracked 
|  81|0x0000000085100000, 0x0000000085200000, 0x0000000085200000|100%| O|  |TAMS 0x0000000085200000, 0x0000000085100000| Untracked 
|  82|0x0000000085200000, 0x0000000085300000, 0x0000000085300000|100%| O|  |TAMS 0x0000000085300000, 0x0000000085200000| Untracked 
|  83|0x0000000085300000, 0x0000000085400000, 0x0000000085400000|100%|HS|  |TAMS 0x0000000085400000, 0x0000000085300000| Complete 
|  84|0x0000000085400000, 0x0000000085500000, 0x0000000085500000|100%|HS|  |TAMS 0x0000000085500000, 0x0000000085400000| Complete 
|  85|0x0000000085500000, 0x0000000085600000, 0x0000000085600000|100%|HS|  |TAMS 0x0000000085600000, 0x0000000085500000| Complete 
|  86|0x0000000085600000, 0x0000000085700000, 0x0000000085700000|100%|HS|  |TAMS 0x0000000085700000, 0x0000000085600000| Complete 
|  87|0x0000000085700000, 0x0000000085800000, 0x0000000085800000|100%|HS|  |TAMS 0x0000000085800000, 0x0000000085700000| Complete 
|  88|0x0000000085800000, 0x0000000085900000, 0x0000000085900000|100%|HS|  |TAMS 0x0000000085900000, 0x0000000085800000| Complete 
|  89|0x0000000085900000, 0x0000000085a00000, 0x0000000085a00000|100%|HC|  |TAMS 0x0000000085a00000, 0x0000000085900000| Complete 
|  90|0x0000000085a00000, 0x0000000085b00000, 0x0000000085b00000|100%| O|  |TAMS 0x0000000085b00000, 0x0000000085a00000| Untracked 
|  91|0x0000000085b00000, 0x0000000085c00000, 0x0000000085c00000|100%| O|  |TAMS 0x0000000085c00000, 0x0000000085b00000| Untracked 
|  92|0x0000000085c00000, 0x0000000085d00000, 0x0000000085d00000|100%|HS|  |TAMS 0x0000000085d00000, 0x0000000085c00000| Complete 
|  93|0x0000000085d00000, 0x0000000085e00000, 0x0000000085e00000|100%| O|  |TAMS 0x0000000085e00000, 0x0000000085d00000| Untracked 
|  94|0x0000000085e00000, 0x0000000085f00000, 0x0000000085f00000|100%| O|  |TAMS 0x0000000085f00000, 0x0000000085e00000| Untracked 
|  95|0x0000000085f00000, 0x0000000086000000, 0x0000000086000000|100%| O|  |TAMS 0x0000000086000000, 0x0000000085f00000| Untracked 
|  96|0x0000000086000000, 0x0000000086100000, 0x0000000086100000|100%| O|  |TAMS 0x0000000086100000, 0x0000000086000000| Untracked 
|  97|0x0000000086100000, 0x0000000086200000, 0x0000000086200000|100%| O|  |TAMS 0x0000000086200000, 0x0000000086100000| Untracked 
|  98|0x0000000086200000, 0x0000000086300000, 0x0000000086300000|100%| O|  |TAMS 0x0000000086200000, 0x0000000086200000| Untracked 
|  99|0x0000000086300000, 0x0000000086400000, 0x0000000086400000|100%| O|  |TAMS 0x0000000086400000, 0x0000000086300000| Untracked 
| 100|0x0000000086400000, 0x0000000086500000, 0x0000000086500000|100%| O|  |TAMS 0x0000000086500000, 0x0000000086400000| Untracked 
| 101|0x0000000086500000, 0x0000000086600000, 0x0000000086600000|100%| O|  |TAMS 0x0000000086500000, 0x0000000086500000| Untracked 
| 102|0x0000000086600000, 0x0000000086700000, 0x0000000086700000|100%| O|  |TAMS 0x0000000086600000, 0x0000000086600000| Untracked 
| 103|0x0000000086700000, 0x0000000086800000, 0x0000000086800000|100%| O|  |TAMS 0x0000000086800000, 0x0000000086700000| Untracked 
| 104|0x0000000086800000, 0x0000000086900000, 0x0000000086900000|100%| O|  |TAMS 0x0000000086900000, 0x0000000086800000| Untracked 
| 105|0x0000000086900000, 0x0000000086a00000, 0x0000000086a00000|100%| O|  |TAMS 0x0000000086a00000, 0x0000000086900000| Untracked 
| 106|0x0000000086a00000, 0x0000000086b00000, 0x0000000086b00000|100%| O|  |TAMS 0x0000000086b00000, 0x0000000086a00000| Untracked 
| 107|0x0000000086b00000, 0x0000000086c00000, 0x0000000086c00000|100%| O|  |TAMS 0x0000000086c00000, 0x0000000086b00000| Untracked 
| 108|0x0000000086c00000, 0x0000000086d00000, 0x0000000086d00000|100%| O|  |TAMS 0x0000000086c00000, 0x0000000086c00000| Untracked 
| 109|0x0000000086d00000, 0x0000000086e00000, 0x0000000086e00000|100%| O|  |TAMS 0x0000000086e00000, 0x0000000086d00000| Untracked 
| 110|0x0000000086e00000, 0x0000000086f00000, 0x0000000086f00000|100%| O|  |TAMS 0x0000000086f00000, 0x0000000086e00000| Untracked 
| 111|0x0000000086f00000, 0x0000000087000000, 0x0000000087000000|100%| O|  |TAMS 0x0000000087000000, 0x0000000086f00000| Untracked 
| 112|0x0000000087000000, 0x0000000087100000, 0x0000000087100000|100%| O|  |TAMS 0x0000000087100000, 0x0000000087000000| Untracked 
| 113|0x0000000087100000, 0x0000000087200000, 0x0000000087200000|100%| O|  |TAMS 0x0000000087200000, 0x0000000087100000| Untracked 
| 114|0x0000000087200000, 0x0000000087300000, 0x0000000087300000|100%| O|  |TAMS 0x0000000087300000, 0x0000000087200000| Untracked 
| 115|0x0000000087300000, 0x0000000087400000, 0x0000000087400000|100%| O|  |TAMS 0x0000000087400000, 0x0000000087300000| Untracked 
| 116|0x0000000087400000, 0x0000000087500000, 0x0000000087500000|100%| O|  |TAMS 0x0000000087400000, 0x0000000087400000| Untracked 
| 117|0x0000000087500000, 0x0000000087600000, 0x0000000087600000|100%|HS|  |TAMS 0x0000000087600000, 0x0000000087500000| Complete 
| 118|0x0000000087600000, 0x0000000087700000, 0x0000000087700000|100%|HC|  |TAMS 0x0000000087700000, 0x0000000087600000| Complete 
| 119|0x0000000087700000, 0x0000000087800000, 0x0000000087800000|100%|HS|  |TAMS 0x0000000087800000, 0x0000000087700000| Complete 
| 120|0x0000000087800000, 0x0000000087900000, 0x0000000087900000|100%|HC|  |TAMS 0x0000000087900000, 0x0000000087800000| Complete 
| 121|0x0000000087900000, 0x0000000087a00000, 0x0000000087a00000|100%|HC|  |TAMS 0x0000000087a00000, 0x0000000087900000| Complete 
| 122|0x0000000087a00000, 0x0000000087b00000, 0x0000000087b00000|100%|HC|  |TAMS 0x0000000087b00000, 0x0000000087a00000| Complete 
| 123|0x0000000087b00000, 0x0000000087c00000, 0x0000000087c00000|100%| O|  |TAMS 0x0000000087c00000, 0x0000000087b00000| Untracked 
| 124|0x0000000087c00000, 0x0000000087d00000, 0x0000000087d00000|100%| O|  |TAMS 0x0000000087d00000, 0x0000000087c00000| Untracked 
| 125|0x0000000087d00000, 0x0000000087e00000, 0x0000000087e00000|100%| O|  |TAMS 0x0000000087e00000, 0x0000000087d00000| Untracked 
| 126|0x0000000087e00000, 0x0000000087f00000, 0x0000000087f00000|100%| O|  |TAMS 0x0000000087f00000, 0x0000000087e00000| Untracked 
| 127|0x0000000087f00000, 0x0000000088000000, 0x0000000088000000|100%| O|  |TAMS 0x0000000088000000, 0x0000000087f00000| Untracked 
| 128|0x0000000088000000, 0x0000000088100000, 0x0000000088100000|100%| O|  |TAMS 0x0000000088100000, 0x0000000088000000| Untracked 
| 129|0x0000000088100000, 0x0000000088200000, 0x0000000088200000|100%| O|  |TAMS 0x0000000088200000, 0x0000000088100000| Untracked 
| 130|0x0000000088200000, 0x0000000088300000, 0x0000000088300000|100%| O|  |TAMS 0x0000000088300000, 0x0000000088200000| Untracked 
| 131|0x0000000088300000, 0x0000000088400000, 0x0000000088400000|100%| O|  |TAMS 0x0000000088400000, 0x0000000088300000| Untracked 
| 132|0x0000000088400000, 0x0000000088500000, 0x0000000088500000|100%| O|  |TAMS 0x0000000088500000, 0x0000000088400000| Untracked 
| 133|0x0000000088500000, 0x0000000088600000, 0x0000000088600000|100%| O|  |TAMS 0x0000000088600000, 0x0000000088500000| Untracked 
| 134|0x0000000088600000, 0x0000000088700000, 0x0000000088700000|100%| O|  |TAMS 0x0000000088700000, 0x0000000088600000| Untracked 
| 135|0x0000000088700000, 0x0000000088800000, 0x0000000088800000|100%| O|  |TAMS 0x0000000088800000, 0x0000000088700000| Untracked 
| 136|0x0000000088800000, 0x0000000088900000, 0x0000000088900000|100%| O|  |TAMS 0x0000000088900000, 0x0000000088800000| Untracked 
| 137|0x0000000088900000, 0x0000000088a00000, 0x0000000088a00000|100%| O|  |TAMS 0x0000000088a00000, 0x0000000088900000| Untracked 
| 138|0x0000000088a00000, 0x0000000088b00000, 0x0000000088b00000|100%| O|  |TAMS 0x0000000088b00000, 0x0000000088a00000| Untracked 
| 139|0x0000000088b00000, 0x0000000088c00000, 0x0000000088c00000|100%| O|  |TAMS 0x0000000088c00000, 0x0000000088b00000| Untracked 
| 140|0x0000000088c00000, 0x0000000088d00000, 0x0000000088d00000|100%| O|  |TAMS 0x0000000088d00000, 0x0000000088c00000| Untracked 
| 141|0x0000000088d00000, 0x0000000088e00000, 0x0000000088e00000|100%| O|  |TAMS 0x0000000088e00000, 0x0000000088d00000| Untracked 
| 142|0x0000000088e00000, 0x0000000088f00000, 0x0000000088f00000|100%| O|  |TAMS 0x0000000088f00000, 0x0000000088e00000| Untracked 
| 143|0x0000000088f00000, 0x0000000089000000, 0x0000000089000000|100%| O|  |TAMS 0x0000000089000000, 0x0000000088f00000| Untracked 
| 144|0x0000000089000000, 0x0000000089100000, 0x0000000089100000|100%| O|  |TAMS 0x0000000089000000, 0x0000000089000000| Untracked 
| 145|0x0000000089100000, 0x0000000089200000, 0x0000000089200000|100%| O|  |TAMS 0x0000000089100000, 0x0000000089100000| Untracked 
| 146|0x0000000089200000, 0x0000000089300000, 0x0000000089300000|100%| O|  |TAMS 0x0000000089200000, 0x0000000089200000| Untracked 
| 147|0x0000000089300000, 0x0000000089400000, 0x0000000089400000|100%|HS|  |TAMS 0x0000000089400000, 0x0000000089300000| Complete 
| 148|0x0000000089400000, 0x0000000089500000, 0x0000000089500000|100%|HS|  |TAMS 0x0000000089500000, 0x0000000089400000| Complete 
| 149|0x0000000089500000, 0x0000000089600000, 0x0000000089600000|100%| O|  |TAMS 0x0000000089600000, 0x0000000089500000| Untracked 
| 150|0x0000000089600000, 0x0000000089700000, 0x0000000089700000|100%| O|  |TAMS 0x0000000089600000, 0x0000000089600000| Untracked 
| 151|0x0000000089700000, 0x0000000089800000, 0x0000000089800000|100%| O|  |TAMS 0x0000000089700000, 0x0000000089700000| Untracked 
| 152|0x0000000089800000, 0x0000000089900000, 0x0000000089900000|100%| O|  |TAMS 0x0000000089800000, 0x0000000089800000| Untracked 
| 153|0x0000000089900000, 0x0000000089a00000, 0x0000000089a00000|100%| O|  |TAMS 0x0000000089a00000, 0x0000000089900000| Untracked 
| 154|0x0000000089a00000, 0x0000000089b00000, 0x0000000089b00000|100%| O|  |TAMS 0x0000000089b00000, 0x0000000089a00000| Untracked 
| 155|0x0000000089b00000, 0x0000000089c00000, 0x0000000089c00000|100%| O|  |TAMS 0x0000000089c00000, 0x0000000089b00000| Untracked 
| 156|0x0000000089c00000, 0x0000000089d00000, 0x0000000089d00000|100%| O|  |TAMS 0x0000000089d00000, 0x0000000089c00000| Untracked 
| 157|0x0000000089d00000, 0x0000000089e00000, 0x0000000089e00000|100%| O|  |TAMS 0x0000000089e00000, 0x0000000089d00000| Untracked 
| 158|0x0000000089e00000, 0x0000000089f00000, 0x0000000089f00000|100%| O|  |TAMS 0x0000000089e00000, 0x0000000089e00000| Untracked 
| 159|0x0000000089f00000, 0x000000008a000000, 0x000000008a000000|100%| O|  |TAMS 0x0000000089f00000, 0x0000000089f00000| Untracked 
| 160|0x000000008a000000, 0x000000008a100000, 0x000000008a100000|100%|HS|  |TAMS 0x000000008a100000, 0x000000008a000000| Complete 
| 161|0x000000008a100000, 0x000000008a200000, 0x000000008a200000|100%|HC|  |TAMS 0x000000008a200000, 0x000000008a100000| Complete 
| 162|0x000000008a200000, 0x000000008a300000, 0x000000008a300000|100%| O|  |TAMS 0x000000008a200000, 0x000000008a200000| Untracked 
| 163|0x000000008a300000, 0x000000008a400000, 0x000000008a400000|100%| O|  |TAMS 0x000000008a300000, 0x000000008a300000| Untracked 
| 164|0x000000008a400000, 0x000000008a500000, 0x000000008a500000|100%| O|  |TAMS 0x000000008a500000, 0x000000008a400000| Untracked 
| 165|0x000000008a500000, 0x000000008a600000, 0x000000008a600000|100%| O|  |TAMS 0x000000008a600000, 0x000000008a500000| Untracked 
| 166|0x000000008a600000, 0x000000008a700000, 0x000000008a700000|100%|HS|  |TAMS 0x000000008a700000, 0x000000008a600000| Complete 
| 167|0x000000008a700000, 0x000000008a800000, 0x000000008a800000|100%|HS|  |TAMS 0x000000008a800000, 0x000000008a700000| Complete 
| 168|0x000000008a800000, 0x000000008a900000, 0x000000008a900000|100%|HS|  |TAMS 0x000000008a900000, 0x000000008a800000| Complete 
| 169|0x000000008a900000, 0x000000008aa00000, 0x000000008aa00000|100%|HC|  |TAMS 0x000000008aa00000, 0x000000008a900000| Complete 
| 170|0x000000008aa00000, 0x000000008ab00000, 0x000000008ab00000|100%| O|  |TAMS 0x000000008ab00000, 0x000000008aa00000| Untracked 
| 171|0x000000008ab00000, 0x000000008ac00000, 0x000000008ac00000|100%| O|  |TAMS 0x000000008ac00000, 0x000000008ab00000| Untracked 
| 172|0x000000008ac00000, 0x000000008ad00000, 0x000000008ad00000|100%| O|  |TAMS 0x000000008ad00000, 0x000000008ac00000| Untracked 
| 173|0x000000008ad00000, 0x000000008ae00000, 0x000000008ae00000|100%| O|  |TAMS 0x000000008ae00000, 0x000000008ad00000| Untracked 
| 174|0x000000008ae00000, 0x000000008af00000, 0x000000008af00000|100%|HS|  |TAMS 0x000000008af00000, 0x000000008ae00000| Complete 
| 175|0x000000008af00000, 0x000000008b000000, 0x000000008b000000|100%|HS|  |TAMS 0x000000008b000000, 0x000000008af00000| Complete 
| 176|0x000000008b000000, 0x000000008b100000, 0x000000008b100000|100%| O|  |TAMS 0x000000008b100000, 0x000000008b000000| Untracked 
| 177|0x000000008b100000, 0x000000008b200000, 0x000000008b200000|100%| O|  |TAMS 0x000000008b200000, 0x000000008b100000| Untracked 
| 178|0x000000008b200000, 0x000000008b300000, 0x000000008b300000|100%| O|  |TAMS 0x000000008b300000, 0x000000008b200000| Untracked 
| 179|0x000000008b300000, 0x000000008b400000, 0x000000008b400000|100%| O|  |TAMS 0x000000008b400000, 0x000000008b300000| Untracked 
| 180|0x000000008b400000, 0x000000008b500000, 0x000000008b500000|100%| O|  |TAMS 0x000000008b500000, 0x000000008b400000| Untracked 
| 181|0x000000008b500000, 0x000000008b600000, 0x000000008b600000|100%| O|  |TAMS 0x000000008b600000, 0x000000008b500000| Untracked 
| 182|0x000000008b600000, 0x000000008b700000, 0x000000008b700000|100%| O|  |TAMS 0x000000008b700000, 0x000000008b600000| Untracked 
| 183|0x000000008b700000, 0x000000008b800000, 0x000000008b800000|100%| O|  |TAMS 0x000000008b800000, 0x000000008b700000| Untracked 
| 184|0x000000008b800000, 0x000000008b900000, 0x000000008b900000|100%| O|  |TAMS 0x000000008b900000, 0x000000008b800000| Untracked 
| 185|0x000000008b900000, 0x000000008ba00000, 0x000000008ba00000|100%| O|  |TAMS 0x000000008ba00000, 0x000000008b900000| Untracked 
| 186|0x000000008ba00000, 0x000000008bb00000, 0x000000008bb00000|100%| O|  |TAMS 0x000000008bb00000, 0x000000008ba00000| Untracked 
| 187|0x000000008bb00000, 0x000000008bc00000, 0x000000008bc00000|100%| O|  |TAMS 0x000000008bc00000, 0x000000008bb00000| Untracked 
| 188|0x000000008bc00000, 0x000000008bd00000, 0x000000008bd00000|100%| O|  |TAMS 0x000000008bd00000, 0x000000008bc00000| Untracked 
| 189|0x000000008bd00000, 0x000000008be00000, 0x000000008be00000|100%| O|  |TAMS 0x000000008be00000, 0x000000008bd00000| Untracked 
| 190|0x000000008be00000, 0x000000008bf00000, 0x000000008bf00000|100%| O|  |TAMS 0x000000008bf00000, 0x000000008be00000| Untracked 
| 191|0x000000008bf00000, 0x000000008c000000, 0x000000008c000000|100%| O|  |TAMS 0x000000008c000000, 0x000000008bf00000| Untracked 
| 192|0x000000008c000000, 0x000000008c100000, 0x000000008c100000|100%| O|  |TAMS 0x000000008c100000, 0x000000008c000000| Untracked 
| 193|0x000000008c100000, 0x000000008c200000, 0x000000008c200000|100%| O|  |TAMS 0x000000008c200000, 0x000000008c100000| Untracked 
| 194|0x000000008c200000, 0x000000008c300000, 0x000000008c300000|100%| O|  |TAMS 0x000000008c300000, 0x000000008c200000| Untracked 
| 195|0x000000008c300000, 0x000000008c400000, 0x000000008c400000|100%| O|  |TAMS 0x000000008c400000, 0x000000008c300000| Untracked 
| 196|0x000000008c400000, 0x000000008c500000, 0x000000008c500000|100%| O|  |TAMS 0x000000008c500000, 0x000000008c400000| Untracked 
| 197|0x000000008c500000, 0x000000008c600000, 0x000000008c600000|100%| O|  |TAMS 0x000000008c600000, 0x000000008c500000| Untracked 
| 198|0x000000008c600000, 0x000000008c700000, 0x000000008c700000|100%| O|  |TAMS 0x000000008c700000, 0x000000008c600000| Untracked 
| 199|0x000000008c700000, 0x000000008c800000, 0x000000008c800000|100%| O|  |TAMS 0x000000008c800000, 0x000000008c700000| Untracked 
| 200|0x000000008c800000, 0x000000008c900000, 0x000000008c900000|100%| O|  |TAMS 0x000000008c900000, 0x000000008c800000| Untracked 
| 201|0x000000008c900000, 0x000000008ca00000, 0x000000008ca00000|100%| O|  |TAMS 0x000000008ca00000, 0x000000008c900000| Untracked 
| 202|0x000000008ca00000, 0x000000008cb00000, 0x000000008cb00000|100%| O|  |TAMS 0x000000008ca00000, 0x000000008ca00000| Untracked 
| 203|0x000000008cb00000, 0x000000008cc00000, 0x000000008cc00000|100%| O|  |TAMS 0x000000008cb00000, 0x000000008cb00000| Untracked 
| 204|0x000000008cc00000, 0x000000008cd00000, 0x000000008cd00000|100%|HS|  |TAMS 0x000000008cd00000, 0x000000008cc00000| Complete 
| 205|0x000000008cd00000, 0x000000008ce00000, 0x000000008ce00000|100%|HS|  |TAMS 0x000000008ce00000, 0x000000008cd00000| Complete 
| 206|0x000000008ce00000, 0x000000008cf00000, 0x000000008cf00000|100%|HS|  |TAMS 0x000000008cf00000, 0x000000008ce00000| Complete 
| 207|0x000000008cf00000, 0x000000008d000000, 0x000000008d000000|100%| O|  |TAMS 0x000000008d000000, 0x000000008cf00000| Untracked 
| 208|0x000000008d000000, 0x000000008d100000, 0x000000008d100000|100%| O|  |TAMS 0x000000008d000000, 0x000000008d000000| Untracked 
| 209|0x000000008d100000, 0x000000008d100000, 0x000000008d200000|  0%| F|  |TAMS 0x000000008d100000, 0x000000008d100000| Untracked 
| 210|0x000000008d200000, 0x000000008d300000, 0x000000008d300000|100%| O|  |TAMS 0x000000008d300000, 0x000000008d200000| Untracked 
| 211|0x000000008d300000, 0x000000008d400000, 0x000000008d400000|100%| O|  |TAMS 0x000000008d400000, 0x000000008d300000| Untracked 
| 212|0x000000008d400000, 0x000000008d500000, 0x000000008d500000|100%| O|  |TAMS 0x000000008d500000, 0x000000008d400000| Untracked 
| 213|0x000000008d500000, 0x000000008d600000, 0x000000008d600000|100%| O|  |TAMS 0x000000008d600000, 0x000000008d500000| Untracked 
| 214|0x000000008d600000, 0x000000008d700000, 0x000000008d700000|100%| O|  |TAMS 0x000000008d700000, 0x000000008d600000| Untracked 
| 215|0x000000008d700000, 0x000000008d800000, 0x000000008d800000|100%| O|  |TAMS 0x000000008d800000, 0x000000008d700000| Untracked 
| 216|0x000000008d800000, 0x000000008d900000, 0x000000008d900000|100%| O|  |TAMS 0x000000008d900000, 0x000000008d800000| Untracked 
| 217|0x000000008d900000, 0x000000008da00000, 0x000000008da00000|100%| O|  |TAMS 0x000000008da00000, 0x000000008d900000| Untracked 
| 218|0x000000008da00000, 0x000000008db00000, 0x000000008db00000|100%| O|  |TAMS 0x000000008db00000, 0x000000008da00000| Untracked 
| 219|0x000000008db00000, 0x000000008dc00000, 0x000000008dc00000|100%| O|  |TAMS 0x000000008dc00000, 0x000000008db00000| Untracked 
| 220|0x000000008dc00000, 0x000000008dd00000, 0x000000008dd00000|100%| O|  |TAMS 0x000000008dd00000, 0x000000008dc00000| Untracked 
| 221|0x000000008dd00000, 0x000000008de00000, 0x000000008de00000|100%| O|  |TAMS 0x000000008de00000, 0x000000008dd00000| Untracked 
| 222|0x000000008de00000, 0x000000008df00000, 0x000000008df00000|100%| O|  |TAMS 0x000000008df00000, 0x000000008de00000| Untracked 
| 223|0x000000008df00000, 0x000000008e000000, 0x000000008e000000|100%| O|  |TAMS 0x000000008df00000, 0x000000008df00000| Untracked 
| 224|0x000000008e000000, 0x000000008e100000, 0x000000008e100000|100%| O|  |TAMS 0x000000008e100000, 0x000000008e000000| Untracked 
| 225|0x000000008e100000, 0x000000008e200000, 0x000000008e200000|100%| O|  |TAMS 0x000000008e200000, 0x000000008e100000| Untracked 
| 226|0x000000008e200000, 0x000000008e300000, 0x000000008e300000|100%| O|  |TAMS 0x000000008e300000, 0x000000008e200000| Untracked 
| 227|0x000000008e300000, 0x000000008e400000, 0x000000008e400000|100%| O|  |TAMS 0x000000008e400000, 0x000000008e300000| Untracked 
| 228|0x000000008e400000, 0x000000008e500000, 0x000000008e500000|100%| O|  |TAMS 0x000000008e500000, 0x000000008e400000| Untracked 
| 229|0x000000008e500000, 0x000000008e600000, 0x000000008e600000|100%| O|  |TAMS 0x000000008e600000, 0x000000008e500000| Untracked 
| 230|0x000000008e600000, 0x000000008e700000, 0x000000008e700000|100%| O|  |TAMS 0x000000008e700000, 0x000000008e600000| Untracked 
| 231|0x000000008e700000, 0x000000008e800000, 0x000000008e800000|100%| O|  |TAMS 0x000000008e800000, 0x000000008e700000| Untracked 
| 232|0x000000008e800000, 0x000000008e900000, 0x000000008e900000|100%| O|  |TAMS 0x000000008e900000, 0x000000008e800000| Untracked 
| 233|0x000000008e900000, 0x000000008ea00000, 0x000000008ea00000|100%| O|  |TAMS 0x000000008ea00000, 0x000000008e900000| Untracked 
| 234|0x000000008ea00000, 0x000000008eb00000, 0x000000008eb00000|100%| O|  |TAMS 0x000000008eb00000, 0x000000008ea00000| Untracked 
| 235|0x000000008eb00000, 0x000000008ec00000, 0x000000008ec00000|100%| O|  |TAMS 0x000000008ec00000, 0x000000008eb00000| Untracked 
| 236|0x000000008ec00000, 0x000000008ed00000, 0x000000008ed00000|100%| O|  |TAMS 0x000000008ed00000, 0x000000008ec00000| Untracked 
| 237|0x000000008ed00000, 0x000000008ee00000, 0x000000008ee00000|100%| O|  |TAMS 0x000000008ee00000, 0x000000008ed00000| Untracked 
| 238|0x000000008ee00000, 0x000000008ef00000, 0x000000008ef00000|100%| O|  |TAMS 0x000000008ef00000, 0x000000008ee00000| Untracked 
| 239|0x000000008ef00000, 0x000000008f000000, 0x000000008f000000|100%| O|  |TAMS 0x000000008f000000, 0x000000008ef00000| Untracked 
| 240|0x000000008f000000, 0x000000008f100000, 0x000000008f100000|100%| O|  |TAMS 0x000000008f100000, 0x000000008f000000| Untracked 
| 241|0x000000008f100000, 0x000000008f200000, 0x000000008f200000|100%| O|  |TAMS 0x000000008f100000, 0x000000008f100000| Untracked 
| 242|0x000000008f200000, 0x000000008f300000, 0x000000008f300000|100%| O|  |TAMS 0x000000008f300000, 0x000000008f200000| Untracked 
| 243|0x000000008f300000, 0x000000008f400000, 0x000000008f400000|100%| O|  |TAMS 0x000000008f400000, 0x000000008f300000| Untracked 
| 244|0x000000008f400000, 0x000000008f500000, 0x000000008f500000|100%| O|  |TAMS 0x000000008f500000, 0x000000008f400000| Untracked 
| 245|0x000000008f500000, 0x000000008f600000, 0x000000008f600000|100%| O|  |TAMS 0x000000008f600000, 0x000000008f500000| Untracked 
| 246|0x000000008f600000, 0x000000008f700000, 0x000000008f700000|100%| O|  |TAMS 0x000000008f700000, 0x000000008f600000| Untracked 
| 247|0x000000008f700000, 0x000000008f800000, 0x000000008f800000|100%| O|  |TAMS 0x000000008f800000, 0x000000008f700000| Untracked 
| 248|0x000000008f800000, 0x000000008f900000, 0x000000008f900000|100%| O|  |TAMS 0x000000008f800000, 0x000000008f800000| Untracked 
| 249|0x000000008f900000, 0x000000008fa00000, 0x000000008fa00000|100%| O|  |TAMS 0x000000008f900000, 0x000000008f900000| Untracked 
| 250|0x000000008fa00000, 0x000000008fb00000, 0x000000008fb00000|100%| O|  |TAMS 0x000000008fb00000, 0x000000008fa00000| Untracked 
| 251|0x000000008fb00000, 0x000000008fc00000, 0x000000008fc00000|100%| O|  |TAMS 0x000000008fc00000, 0x000000008fb00000| Untracked 
| 252|0x000000008fc00000, 0x000000008fd00000, 0x000000008fd00000|100%| O|  |TAMS 0x000000008fd00000, 0x000000008fc00000| Untracked 
| 253|0x000000008fd00000, 0x000000008fe00000, 0x000000008fe00000|100%| O|  |TAMS 0x000000008fe00000, 0x000000008fd00000| Untracked 
| 254|0x000000008fe00000, 0x000000008ff00000, 0x000000008ff00000|100%| O|  |TAMS 0x000000008ff00000, 0x000000008fe00000| Untracked 
| 255|0x000000008ff00000, 0x0000000090000000, 0x0000000090000000|100%| O|  |TAMS 0x0000000090000000, 0x000000008ff00000| Untracked 
| 256|0x0000000090000000, 0x0000000090100000, 0x0000000090100000|100%| O|  |TAMS 0x0000000090100000, 0x0000000090000000| Untracked 
| 257|0x0000000090100000, 0x0000000090200000, 0x0000000090200000|100%| O|  |TAMS 0x0000000090200000, 0x0000000090100000| Untracked 
| 258|0x0000000090200000, 0x0000000090300000, 0x0000000090300000|100%| O|  |TAMS 0x0000000090300000, 0x0000000090200000| Untracked 
| 259|0x0000000090300000, 0x0000000090400000, 0x0000000090400000|100%| O|  |TAMS 0x0000000090300000, 0x0000000090300000| Untracked 
| 260|0x0000000090400000, 0x0000000090500000, 0x0000000090500000|100%| O|  |TAMS 0x0000000090400000, 0x0000000090400000| Untracked 
| 261|0x0000000090500000, 0x0000000090600000, 0x0000000090600000|100%| O|  |TAMS 0x0000000090500000, 0x0000000090500000| Untracked 
| 262|0x0000000090600000, 0x0000000090700000, 0x0000000090700000|100%| O|  |TAMS 0x0000000090600000, 0x0000000090600000| Untracked 
| 263|0x0000000090700000, 0x0000000090800000, 0x0000000090800000|100%| O|  |TAMS 0x0000000090700000, 0x0000000090700000| Untracked 
| 264|0x0000000090800000, 0x0000000090900000, 0x0000000090900000|100%| O|  |TAMS 0x0000000090900000, 0x0000000090800000| Untracked 
| 265|0x0000000090900000, 0x0000000090a00000, 0x0000000090a00000|100%| O|  |TAMS 0x0000000090a00000, 0x0000000090900000| Untracked 
| 266|0x0000000090a00000, 0x0000000090b00000, 0x0000000090b00000|100%| O|  |TAMS 0x0000000090b00000, 0x0000000090a00000| Untracked 
| 267|0x0000000090b00000, 0x0000000090c00000, 0x0000000090c00000|100%| O|  |TAMS 0x0000000090c00000, 0x0000000090b00000| Untracked 
| 268|0x0000000090c00000, 0x0000000090d00000, 0x0000000090d00000|100%| O|  |TAMS 0x0000000090d00000, 0x0000000090c00000| Untracked 
| 269|0x0000000090d00000, 0x0000000090d00000, 0x0000000090e00000|  0%| F|  |TAMS 0x0000000090d00000, 0x0000000090d00000| Untracked 
| 270|0x0000000090e00000, 0x0000000090e00000, 0x0000000090f00000|  0%| F|  |TAMS 0x0000000090e00000, 0x0000000090e00000| Untracked 
| 271|0x0000000090f00000, 0x0000000091000000, 0x0000000091000000|100%|HS|  |TAMS 0x0000000090f00000, 0x0000000090f00000| Complete 
| 272|0x0000000091000000, 0x0000000091100000, 0x0000000091100000|100%|HC|  |TAMS 0x0000000091000000, 0x0000000091000000| Complete 
| 273|0x0000000091100000, 0x0000000091200000, 0x0000000091200000|100%|HC|  |TAMS 0x0000000091100000, 0x0000000091100000| Complete 
| 274|0x0000000091200000, 0x0000000091300000, 0x0000000091300000|100%|HS|  |TAMS 0x0000000091200000, 0x0000000091200000| Complete 
| 275|0x0000000091300000, 0x0000000091400000, 0x0000000091400000|100%|HC|  |TAMS 0x0000000091300000, 0x0000000091300000| Complete 
| 276|0x0000000091400000, 0x0000000091500000, 0x0000000091500000|100%|HC|  |TAMS 0x0000000091400000, 0x0000000091400000| Complete 
| 277|0x0000000091500000, 0x0000000091600000, 0x0000000091600000|100%| O|  |TAMS 0x0000000091500000, 0x0000000091500000| Untracked 
| 278|0x0000000091600000, 0x0000000091700000, 0x0000000091700000|100%| O|  |TAMS 0x0000000091600000, 0x0000000091600000| Untracked 
| 279|0x0000000091700000, 0x0000000091800000, 0x0000000091800000|100%| O|  |TAMS 0x0000000091700000, 0x0000000091700000| Untracked 
| 280|0x0000000091800000, 0x0000000091900000, 0x0000000091900000|100%| O|  |TAMS 0x0000000091800000, 0x0000000091800000| Untracked 
| 281|0x0000000091900000, 0x0000000091a00000, 0x0000000091a00000|100%| O|  |TAMS 0x0000000091900000, 0x0000000091900000| Untracked 
| 282|0x0000000091a00000, 0x0000000091b00000, 0x0000000091b00000|100%| O|  |TAMS 0x0000000091a00000, 0x0000000091a00000| Untracked 
| 283|0x0000000091b00000, 0x0000000091b00000, 0x0000000091c00000|  0%| F|  |TAMS 0x0000000091b00000, 0x0000000091b00000| Untracked 
| 284|0x0000000091c00000, 0x0000000091c00000, 0x0000000091d00000|  0%| F|  |TAMS 0x0000000091c00000, 0x0000000091c00000| Untracked 
| 285|0x0000000091d00000, 0x0000000091e00000, 0x0000000091e00000|100%| O|  |TAMS 0x0000000091d00000, 0x0000000091d00000| Untracked 
| 286|0x0000000091e00000, 0x0000000091f00000, 0x0000000091f00000|100%| O|  |TAMS 0x0000000091e00000, 0x0000000091e00000| Untracked 
| 287|0x0000000091f00000, 0x0000000092000000, 0x0000000092000000|100%| O|  |TAMS 0x0000000091f00000, 0x0000000091f00000| Untracked 
| 288|0x0000000092000000, 0x0000000092100000, 0x0000000092100000|100%| O|  |TAMS 0x0000000092000000, 0x0000000092000000| Untracked 
| 289|0x0000000092100000, 0x0000000092200000, 0x0000000092200000|100%| O|  |TAMS 0x0000000092100000, 0x0000000092100000| Untracked 
| 290|0x0000000092200000, 0x0000000092300000, 0x0000000092300000|100%| O|  |TAMS 0x0000000092200000, 0x0000000092200000| Untracked 
| 291|0x0000000092300000, 0x0000000092400000, 0x0000000092400000|100%| O|  |TAMS 0x0000000092300000, 0x0000000092300000| Untracked 
| 292|0x0000000092400000, 0x0000000092500000, 0x0000000092500000|100%| O|  |TAMS 0x0000000092400000, 0x0000000092400000| Untracked 
| 293|0x0000000092500000, 0x0000000092600000, 0x0000000092600000|100%| O|  |TAMS 0x0000000092500000, 0x0000000092500000| Untracked 
| 294|0x0000000092600000, 0x0000000092700000, 0x0000000092700000|100%| O|  |TAMS 0x0000000092600000, 0x0000000092600000| Untracked 
| 295|0x0000000092700000, 0x0000000092800000, 0x0000000092800000|100%| O|  |TAMS 0x0000000092700000, 0x0000000092700000| Untracked 
| 296|0x0000000092800000, 0x0000000092900000, 0x0000000092900000|100%| O|  |TAMS 0x0000000092800000, 0x0000000092800000| Untracked 
| 297|0x0000000092900000, 0x0000000092a00000, 0x0000000092a00000|100%| O|  |TAMS 0x0000000092900000, 0x0000000092900000| Untracked 
| 298|0x0000000092a00000, 0x0000000092b00000, 0x0000000092b00000|100%| O|  |TAMS 0x0000000092a00000, 0x0000000092a00000| Untracked 
| 299|0x0000000092b00000, 0x0000000092c00000, 0x0000000092c00000|100%| O|  |TAMS 0x0000000092b00000, 0x0000000092b00000| Untracked 
| 300|0x0000000092c00000, 0x0000000092d00000, 0x0000000092d00000|100%| O|  |TAMS 0x0000000092c00000, 0x0000000092c00000| Untracked 
| 301|0x0000000092d00000, 0x0000000092e00000, 0x0000000092e00000|100%| O|  |TAMS 0x0000000092d00000, 0x0000000092d00000| Untracked 
| 302|0x0000000092e00000, 0x0000000092f00000, 0x0000000092f00000|100%| O|  |TAMS 0x0000000092e00000, 0x0000000092e00000| Untracked 
| 303|0x0000000092f00000, 0x0000000093000000, 0x0000000093000000|100%| O|  |TAMS 0x0000000092f00000, 0x0000000092f00000| Untracked 
| 304|0x0000000093000000, 0x0000000093100000, 0x0000000093100000|100%| O|  |TAMS 0x0000000093000000, 0x0000000093000000| Untracked 
| 305|0x0000000093100000, 0x0000000093200000, 0x0000000093200000|100%| O|  |TAMS 0x0000000093100000, 0x0000000093100000| Untracked 
| 306|0x0000000093200000, 0x0000000093300000, 0x0000000093300000|100%| O|  |TAMS 0x0000000093200000, 0x0000000093200000| Untracked 
| 307|0x0000000093300000, 0x0000000093400000, 0x0000000093400000|100%| O|  |TAMS 0x00000000933fd800, 0x0000000093300000| Untracked 
| 308|0x0000000093400000, 0x0000000093500000, 0x0000000093500000|100%| O|  |TAMS 0x0000000093400000, 0x0000000093400000| Untracked 
| 309|0x0000000093500000, 0x0000000093540200, 0x0000000093600000| 25%| O|  |TAMS 0x0000000093500000, 0x0000000093500000| Untracked 
| 310|0x0000000093600000, 0x0000000093700000, 0x0000000093700000|100%| O|  |TAMS 0x0000000093600000, 0x0000000093600000| Untracked 
| 311|0x0000000093700000, 0x0000000093800000, 0x0000000093800000|100%| O|  |TAMS 0x0000000093700000, 0x0000000093700000| Untracked 
| 312|0x0000000093800000, 0x0000000093900000, 0x0000000093900000|100%| O|  |TAMS 0x0000000093800000, 0x0000000093800000| Untracked 
| 313|0x0000000093900000, 0x0000000093a00000, 0x0000000093a00000|100%| O|  |TAMS 0x0000000093900000, 0x0000000093900000| Untracked 
| 314|0x0000000093a00000, 0x0000000093a00000, 0x0000000093b00000|  0%| F|  |TAMS 0x0000000093a00000, 0x0000000093a00000| Untracked 
| 315|0x0000000093b00000, 0x0000000093b00000, 0x0000000093c00000|  0%| F|  |TAMS 0x0000000093b00000, 0x0000000093b00000| Untracked 
| 316|0x0000000093c00000, 0x0000000093c00000, 0x0000000093d00000|  0%| F|  |TAMS 0x0000000093c00000, 0x0000000093c00000| Untracked 
| 317|0x0000000093d00000, 0x0000000093d00000, 0x0000000093e00000|  0%| F|  |TAMS 0x0000000093d00000, 0x0000000093d00000| Untracked 
| 318|0x0000000093e00000, 0x0000000093e00000, 0x0000000093f00000|  0%| F|  |TAMS 0x0000000093e00000, 0x0000000093e00000| Untracked 
| 319|0x0000000093f00000, 0x0000000093f00000, 0x0000000094000000|  0%| F|  |TAMS 0x0000000093f00000, 0x0000000093f00000| Untracked 
| 320|0x0000000094000000, 0x0000000094000000, 0x0000000094100000|  0%| F|  |TAMS 0x0000000094000000, 0x0000000094000000| Untracked 
| 321|0x0000000094100000, 0x0000000094100000, 0x0000000094200000|  0%| F|  |TAMS 0x0000000094100000, 0x0000000094100000| Untracked 
| 322|0x0000000094200000, 0x0000000094200000, 0x0000000094300000|  0%| F|  |TAMS 0x0000000094200000, 0x0000000094200000| Untracked 
| 323|0x0000000094300000, 0x0000000094300000, 0x0000000094400000|  0%| F|  |TAMS 0x0000000094300000, 0x0000000094300000| Untracked 
| 324|0x0000000094400000, 0x0000000094400000, 0x0000000094500000|  0%| F|  |TAMS 0x0000000094400000, 0x0000000094400000| Untracked 
| 325|0x0000000094500000, 0x0000000094500000, 0x0000000094600000|  0%| F|  |TAMS 0x0000000094500000, 0x0000000094500000| Untracked 
| 326|0x0000000094600000, 0x0000000094600000, 0x0000000094700000|  0%| F|  |TAMS 0x0000000094600000, 0x0000000094600000| Untracked 
| 327|0x0000000094700000, 0x0000000094700000, 0x0000000094800000|  0%| F|  |TAMS 0x0000000094700000, 0x0000000094700000| Untracked 
| 328|0x0000000094800000, 0x0000000094800000, 0x0000000094900000|  0%| F|  |TAMS 0x0000000094800000, 0x0000000094800000| Untracked 
| 329|0x0000000094900000, 0x0000000094900000, 0x0000000094a00000|  0%| F|  |TAMS 0x0000000094900000, 0x0000000094900000| Untracked 
| 330|0x0000000094a00000, 0x0000000094a00000, 0x0000000094b00000|  0%| F|  |TAMS 0x0000000094a00000, 0x0000000094a00000| Untracked 
| 331|0x0000000094b00000, 0x0000000094b00000, 0x0000000094c00000|  0%| F|  |TAMS 0x0000000094b00000, 0x0000000094b00000| Untracked 
| 332|0x0000000094c00000, 0x0000000094c00000, 0x0000000094d00000|  0%| F|  |TAMS 0x0000000094c00000, 0x0000000094c00000| Untracked 
| 333|0x0000000094d00000, 0x0000000094d00000, 0x0000000094e00000|  0%| F|  |TAMS 0x0000000094d00000, 0x0000000094d00000| Untracked 
| 334|0x0000000094e00000, 0x0000000094e00000, 0x0000000094f00000|  0%| F|  |TAMS 0x0000000094e00000, 0x0000000094e00000| Untracked 
| 335|0x0000000094f00000, 0x0000000094f00000, 0x0000000095000000|  0%| F|  |TAMS 0x0000000094f00000, 0x0000000094f00000| Untracked 
| 336|0x0000000095000000, 0x0000000095000000, 0x0000000095100000|  0%| F|  |TAMS 0x0000000095000000, 0x0000000095000000| Untracked 
| 337|0x0000000095100000, 0x0000000095100000, 0x0000000095200000|  0%| F|  |TAMS 0x0000000095100000, 0x0000000095100000| Untracked 
| 338|0x0000000095200000, 0x0000000095200000, 0x0000000095300000|  0%| F|  |TAMS 0x0000000095200000, 0x0000000095200000| Untracked 
| 339|0x0000000095300000, 0x0000000095300000, 0x0000000095400000|  0%| F|  |TAMS 0x0000000095300000, 0x0000000095300000| Untracked 
| 340|0x0000000095400000, 0x0000000095400000, 0x0000000095500000|  0%| F|  |TAMS 0x0000000095400000, 0x0000000095400000| Untracked 
| 341|0x0000000095500000, 0x0000000095500000, 0x0000000095600000|  0%| F|  |TAMS 0x0000000095500000, 0x0000000095500000| Untracked 
| 342|0x0000000095600000, 0x0000000095600000, 0x0000000095700000|  0%| F|  |TAMS 0x0000000095600000, 0x0000000095600000| Untracked 
| 343|0x0000000095700000, 0x0000000095700000, 0x0000000095800000|  0%| F|  |TAMS 0x0000000095700000, 0x0000000095700000| Untracked 
| 344|0x0000000095800000, 0x0000000095800000, 0x0000000095900000|  0%| F|  |TAMS 0x0000000095800000, 0x0000000095800000| Untracked 
| 345|0x0000000095900000, 0x0000000095900000, 0x0000000095a00000|  0%| F|  |TAMS 0x0000000095900000, 0x0000000095900000| Untracked 
| 346|0x0000000095a00000, 0x0000000095a00000, 0x0000000095b00000|  0%| F|  |TAMS 0x0000000095a00000, 0x0000000095a00000| Untracked 
| 347|0x0000000095b00000, 0x0000000095b00000, 0x0000000095c00000|  0%| F|  |TAMS 0x0000000095b00000, 0x0000000095b00000| Untracked 
| 348|0x0000000095c00000, 0x0000000095c00000, 0x0000000095d00000|  0%| F|  |TAMS 0x0000000095c00000, 0x0000000095c00000| Untracked 
| 349|0x0000000095d00000, 0x0000000095d00000, 0x0000000095e00000|  0%| F|  |TAMS 0x0000000095d00000, 0x0000000095d00000| Untracked 
| 350|0x0000000095e00000, 0x0000000095e00000, 0x0000000095f00000|  0%| F|  |TAMS 0x0000000095e00000, 0x0000000095e00000| Untracked 
| 351|0x0000000095f00000, 0x0000000095f00000, 0x0000000096000000|  0%| F|  |TAMS 0x0000000095f00000, 0x0000000095f00000| Untracked 
| 352|0x0000000096000000, 0x0000000096000000, 0x0000000096100000|  0%| F|  |TAMS 0x0000000096000000, 0x0000000096000000| Untracked 
| 353|0x0000000096100000, 0x0000000096100000, 0x0000000096200000|  0%| F|  |TAMS 0x0000000096100000, 0x0000000096100000| Untracked 
| 354|0x0000000096200000, 0x0000000096200000, 0x0000000096300000|  0%| F|  |TAMS 0x0000000096200000, 0x0000000096200000| Untracked 
| 355|0x0000000096300000, 0x0000000096300000, 0x0000000096400000|  0%| F|  |TAMS 0x0000000096300000, 0x0000000096300000| Untracked 
| 356|0x0000000096400000, 0x0000000096400000, 0x0000000096500000|  0%| F|  |TAMS 0x0000000096400000, 0x0000000096400000| Untracked 
| 357|0x0000000096500000, 0x0000000096500000, 0x0000000096600000|  0%| F|  |TAMS 0x0000000096500000, 0x0000000096500000| Untracked 
| 358|0x0000000096600000, 0x0000000096600000, 0x0000000096700000|  0%| F|  |TAMS 0x0000000096600000, 0x0000000096600000| Untracked 
| 359|0x0000000096700000, 0x0000000096700000, 0x0000000096800000|  0%| F|  |TAMS 0x0000000096700000, 0x0000000096700000| Untracked 
| 360|0x0000000096800000, 0x0000000096800000, 0x0000000096900000|  0%| F|  |TAMS 0x0000000096800000, 0x0000000096800000| Untracked 
| 361|0x0000000096900000, 0x0000000096900000, 0x0000000096a00000|  0%| F|  |TAMS 0x0000000096900000, 0x0000000096900000| Untracked 
| 362|0x0000000096a00000, 0x0000000096a00000, 0x0000000096b00000|  0%| F|  |TAMS 0x0000000096a00000, 0x0000000096a00000| Untracked 
| 363|0x0000000096b00000, 0x0000000096b00000, 0x0000000096c00000|  0%| F|  |TAMS 0x0000000096b00000, 0x0000000096b00000| Untracked 
| 364|0x0000000096c00000, 0x0000000096c00000, 0x0000000096d00000|  0%| F|  |TAMS 0x0000000096c00000, 0x0000000096c00000| Untracked 
| 365|0x0000000096d00000, 0x0000000096d00000, 0x0000000096e00000|  0%| F|  |TAMS 0x0000000096d00000, 0x0000000096d00000| Untracked 
| 366|0x0000000096e00000, 0x0000000096e00000, 0x0000000096f00000|  0%| F|  |TAMS 0x0000000096e00000, 0x0000000096e00000| Untracked 
| 367|0x0000000096f00000, 0x0000000096f00000, 0x0000000097000000|  0%| F|  |TAMS 0x0000000096f00000, 0x0000000096f00000| Untracked 
| 368|0x0000000097000000, 0x0000000097000000, 0x0000000097100000|  0%| F|  |TAMS 0x0000000097000000, 0x0000000097000000| Untracked 
| 369|0x0000000097100000, 0x0000000097100000, 0x0000000097200000|  0%| F|  |TAMS 0x0000000097100000, 0x0000000097100000| Untracked 
| 370|0x0000000097200000, 0x0000000097200000, 0x0000000097300000|  0%| F|  |TAMS 0x0000000097200000, 0x0000000097200000| Untracked 
| 371|0x0000000097300000, 0x0000000097300000, 0x0000000097400000|  0%| F|  |TAMS 0x0000000097300000, 0x0000000097300000| Untracked 
| 372|0x0000000097400000, 0x0000000097500000, 0x0000000097500000|100%| S|CS|TAMS 0x0000000097400000, 0x0000000097400000| Complete 
| 373|0x0000000097500000, 0x0000000097600000, 0x0000000097600000|100%| S|CS|TAMS 0x0000000097500000, 0x0000000097500000| Complete 
| 374|0x0000000097600000, 0x0000000097700000, 0x0000000097700000|100%| S|CS|TAMS 0x0000000097600000, 0x0000000097600000| Complete 
| 375|0x0000000097700000, 0x0000000097800000, 0x0000000097800000|100%| S|CS|TAMS 0x0000000097700000, 0x0000000097700000| Complete 
| 376|0x0000000097800000, 0x0000000097800000, 0x0000000097900000|  0%| F|  |TAMS 0x0000000097800000, 0x0000000097800000| Untracked 
| 377|0x0000000097900000, 0x0000000097900000, 0x0000000097a00000|  0%| F|  |TAMS 0x0000000097900000, 0x0000000097900000| Untracked 
| 378|0x0000000097a00000, 0x0000000097b00000, 0x0000000097b00000|100%| S|CS|TAMS 0x0000000097a00000, 0x0000000097a00000| Complete 
| 379|0x0000000097b00000, 0x0000000097c00000, 0x0000000097c00000|100%| S|CS|TAMS 0x0000000097b00000, 0x0000000097b00000| Complete 
| 380|0x0000000097c00000, 0x0000000097d00000, 0x0000000097d00000|100%| S|CS|TAMS 0x0000000097c00000, 0x0000000097c00000| Complete 
| 381|0x0000000097d00000, 0x0000000097e00000, 0x0000000097e00000|100%| S|CS|TAMS 0x0000000097d00000, 0x0000000097d00000| Complete 
| 382|0x0000000097e00000, 0x0000000097f00000, 0x0000000097f00000|100%| S|CS|TAMS 0x0000000097e00000, 0x0000000097e00000| Complete 
| 383|0x0000000097f00000, 0x0000000098000000, 0x0000000098000000|100%| S|CS|TAMS 0x0000000097f00000, 0x0000000097f00000| Complete 
| 384|0x0000000098000000, 0x0000000098100000, 0x0000000098100000|100%| S|CS|TAMS 0x0000000098000000, 0x0000000098000000| Complete 
| 385|0x0000000098100000, 0x0000000098200000, 0x0000000098200000|100%| S|CS|TAMS 0x0000000098100000, 0x0000000098100000| Complete 
| 386|0x0000000098200000, 0x0000000098300000, 0x0000000098300000|100%| S|CS|TAMS 0x0000000098200000, 0x0000000098200000| Complete 
| 387|0x0000000098300000, 0x0000000098400000, 0x0000000098400000|100%| S|CS|TAMS 0x0000000098300000, 0x0000000098300000| Complete 
| 388|0x0000000098400000, 0x0000000098500000, 0x0000000098500000|100%| S|CS|TAMS 0x0000000098400000, 0x0000000098400000| Complete 
| 389|0x0000000098500000, 0x0000000098600000, 0x0000000098600000|100%| S|CS|TAMS 0x0000000098500000, 0x0000000098500000| Complete 
| 390|0x0000000098600000, 0x0000000098700000, 0x0000000098700000|100%| S|CS|TAMS 0x0000000098600000, 0x0000000098600000| Complete 
| 391|0x0000000098700000, 0x0000000098700000, 0x0000000098800000|  0%| F|  |TAMS 0x0000000098700000, 0x0000000098700000| Untracked 
| 392|0x0000000098800000, 0x0000000098800000, 0x0000000098900000|  0%| F|  |TAMS 0x0000000098800000, 0x0000000098800000| Untracked 
| 393|0x0000000098900000, 0x0000000098900000, 0x0000000098a00000|  0%| F|  |TAMS 0x0000000098900000, 0x0000000098900000| Untracked 
| 394|0x0000000098a00000, 0x0000000098a00000, 0x0000000098b00000|  0%| F|  |TAMS 0x0000000098a00000, 0x0000000098a00000| Untracked 
| 395|0x0000000098b00000, 0x0000000098b00000, 0x0000000098c00000|  0%| F|  |TAMS 0x0000000098b00000, 0x0000000098b00000| Untracked 
| 396|0x0000000098c00000, 0x0000000098c00000, 0x0000000098d00000|  0%| F|  |TAMS 0x0000000098c00000, 0x0000000098c00000| Untracked 
| 397|0x0000000098d00000, 0x0000000098d00000, 0x0000000098e00000|  0%| F|  |TAMS 0x0000000098d00000, 0x0000000098d00000| Untracked 
| 398|0x0000000098e00000, 0x0000000098e00000, 0x0000000098f00000|  0%| F|  |TAMS 0x0000000098e00000, 0x0000000098e00000| Untracked 
| 399|0x0000000098f00000, 0x0000000098f00000, 0x0000000099000000|  0%| F|  |TAMS 0x0000000098f00000, 0x0000000098f00000| Untracked 
| 400|0x0000000099000000, 0x0000000099000000, 0x0000000099100000|  0%| F|  |TAMS 0x0000000099000000, 0x0000000099000000| Untracked 
| 401|0x0000000099100000, 0x0000000099100000, 0x0000000099200000|  0%| F|  |TAMS 0x0000000099100000, 0x0000000099100000| Untracked 
| 402|0x0000000099200000, 0x0000000099200000, 0x0000000099300000|  0%| F|  |TAMS 0x0000000099200000, 0x0000000099200000| Untracked 
| 403|0x0000000099300000, 0x0000000099300000, 0x0000000099400000|  0%| F|  |TAMS 0x0000000099300000, 0x0000000099300000| Untracked 
| 404|0x0000000099400000, 0x0000000099400000, 0x0000000099500000|  0%| F|  |TAMS 0x0000000099400000, 0x0000000099400000| Untracked 
| 405|0x0000000099500000, 0x0000000099500000, 0x0000000099600000|  0%| F|  |TAMS 0x0000000099500000, 0x0000000099500000| Untracked 
| 406|0x0000000099600000, 0x0000000099600000, 0x0000000099700000|  0%| F|  |TAMS 0x0000000099600000, 0x0000000099600000| Untracked 
| 407|0x0000000099700000, 0x0000000099700000, 0x0000000099800000|  0%| F|  |TAMS 0x0000000099700000, 0x0000000099700000| Untracked 
| 408|0x0000000099800000, 0x0000000099800000, 0x0000000099900000|  0%| F|  |TAMS 0x0000000099800000, 0x0000000099800000| Untracked 
| 409|0x0000000099900000, 0x0000000099900000, 0x0000000099a00000|  0%| F|  |TAMS 0x0000000099900000, 0x0000000099900000| Untracked 
| 410|0x0000000099a00000, 0x0000000099a00000, 0x0000000099b00000|  0%| F|  |TAMS 0x0000000099a00000, 0x0000000099a00000| Untracked 
| 411|0x0000000099b00000, 0x0000000099b00000, 0x0000000099c00000|  0%| F|  |TAMS 0x0000000099b00000, 0x0000000099b00000| Untracked 
| 412|0x0000000099c00000, 0x0000000099c00000, 0x0000000099d00000|  0%| F|  |TAMS 0x0000000099c00000, 0x0000000099c00000| Untracked 
| 413|0x0000000099d00000, 0x0000000099d00000, 0x0000000099e00000|  0%| F|  |TAMS 0x0000000099d00000, 0x0000000099d00000| Untracked 
| 414|0x0000000099e00000, 0x0000000099e00000, 0x0000000099f00000|  0%| F|  |TAMS 0x0000000099e00000, 0x0000000099e00000| Untracked 
| 415|0x0000000099f00000, 0x0000000099f00000, 0x000000009a000000|  0%| F|  |TAMS 0x0000000099f00000, 0x0000000099f00000| Untracked 
| 416|0x000000009a000000, 0x000000009a000000, 0x000000009a100000|  0%| F|  |TAMS 0x000000009a000000, 0x000000009a000000| Untracked 
| 417|0x000000009a100000, 0x000000009a100000, 0x000000009a200000|  0%| F|  |TAMS 0x000000009a100000, 0x000000009a100000| Untracked 
| 418|0x000000009a200000, 0x000000009a200000, 0x000000009a300000|  0%| F|  |TAMS 0x000000009a200000, 0x000000009a200000| Untracked 
| 419|0x000000009a300000, 0x000000009a300000, 0x000000009a400000|  0%| F|  |TAMS 0x000000009a300000, 0x000000009a300000| Untracked 
| 420|0x000000009a400000, 0x000000009a400000, 0x000000009a500000|  0%| F|  |TAMS 0x000000009a400000, 0x000000009a400000| Untracked 
| 421|0x000000009a500000, 0x000000009a500000, 0x000000009a600000|  0%| F|  |TAMS 0x000000009a500000, 0x000000009a500000| Untracked 
| 422|0x000000009a600000, 0x000000009a600000, 0x000000009a700000|  0%| F|  |TAMS 0x000000009a600000, 0x000000009a600000| Untracked 
| 423|0x000000009a700000, 0x000000009a700000, 0x000000009a800000|  0%| F|  |TAMS 0x000000009a700000, 0x000000009a700000| Untracked 
| 424|0x000000009a800000, 0x000000009a800000, 0x000000009a900000|  0%| F|  |TAMS 0x000000009a800000, 0x000000009a800000| Untracked 
| 425|0x000000009a900000, 0x000000009a900000, 0x000000009aa00000|  0%| F|  |TAMS 0x000000009a900000, 0x000000009a900000| Untracked 
| 426|0x000000009aa00000, 0x000000009aa00000, 0x000000009ab00000|  0%| F|  |TAMS 0x000000009aa00000, 0x000000009aa00000| Untracked 
| 427|0x000000009ab00000, 0x000000009ab00000, 0x000000009ac00000|  0%| F|  |TAMS 0x000000009ab00000, 0x000000009ab00000| Untracked 
| 428|0x000000009ac00000, 0x000000009ac00000, 0x000000009ad00000|  0%| F|  |TAMS 0x000000009ac00000, 0x000000009ac00000| Untracked 
| 429|0x000000009ad00000, 0x000000009ad00000, 0x000000009ae00000|  0%| F|  |TAMS 0x000000009ad00000, 0x000000009ad00000| Untracked 
| 430|0x000000009ae00000, 0x000000009ae00000, 0x000000009af00000|  0%| F|  |TAMS 0x000000009ae00000, 0x000000009ae00000| Untracked 
| 431|0x000000009af00000, 0x000000009af00000, 0x000000009b000000|  0%| F|  |TAMS 0x000000009af00000, 0x000000009af00000| Untracked 
| 432|0x000000009b000000, 0x000000009b000000, 0x000000009b100000|  0%| F|  |TAMS 0x000000009b000000, 0x000000009b000000| Untracked 
| 433|0x000000009b100000, 0x000000009b100000, 0x000000009b200000|  0%| F|  |TAMS 0x000000009b100000, 0x000000009b100000| Untracked 
| 434|0x000000009b200000, 0x000000009b200000, 0x000000009b300000|  0%| F|  |TAMS 0x000000009b200000, 0x000000009b200000| Untracked 
| 435|0x000000009b300000, 0x000000009b300000, 0x000000009b400000|  0%| F|  |TAMS 0x000000009b300000, 0x000000009b300000| Untracked 
| 436|0x000000009b400000, 0x000000009b400000, 0x000000009b500000|  0%| F|  |TAMS 0x000000009b400000, 0x000000009b400000| Untracked 
| 437|0x000000009b500000, 0x000000009b500000, 0x000000009b600000|  0%| F|  |TAMS 0x000000009b500000, 0x000000009b500000| Untracked 
| 438|0x000000009b600000, 0x000000009b600000, 0x000000009b700000|  0%| F|  |TAMS 0x000000009b600000, 0x000000009b600000| Untracked 
| 439|0x000000009b700000, 0x000000009b700000, 0x000000009b800000|  0%| F|  |TAMS 0x000000009b700000, 0x000000009b700000| Untracked 
| 440|0x000000009b800000, 0x000000009b800000, 0x000000009b900000|  0%| F|  |TAMS 0x000000009b800000, 0x000000009b800000| Untracked 
| 441|0x000000009b900000, 0x000000009b900000, 0x000000009ba00000|  0%| F|  |TAMS 0x000000009b900000, 0x000000009b900000| Untracked 
| 442|0x000000009ba00000, 0x000000009ba00000, 0x000000009bb00000|  0%| F|  |TAMS 0x000000009ba00000, 0x000000009ba00000| Untracked 
| 443|0x000000009bb00000, 0x000000009bb00000, 0x000000009bc00000|  0%| F|  |TAMS 0x000000009bb00000, 0x000000009bb00000| Untracked 
| 444|0x000000009bc00000, 0x000000009bc00000, 0x000000009bd00000|  0%| F|  |TAMS 0x000000009bc00000, 0x000000009bc00000| Untracked 
| 445|0x000000009bd00000, 0x000000009bd00000, 0x000000009be00000|  0%| F|  |TAMS 0x000000009bd00000, 0x000000009bd00000| Untracked 
| 446|0x000000009be00000, 0x000000009be00000, 0x000000009bf00000|  0%| F|  |TAMS 0x000000009be00000, 0x000000009be00000| Untracked 
| 447|0x000000009bf00000, 0x000000009bf00000, 0x000000009c000000|  0%| F|  |TAMS 0x000000009bf00000, 0x000000009bf00000| Untracked 
| 448|0x000000009c000000, 0x000000009c000000, 0x000000009c100000|  0%| F|  |TAMS 0x000000009c000000, 0x000000009c000000| Untracked 
| 449|0x000000009c100000, 0x000000009c100000, 0x000000009c200000|  0%| F|  |TAMS 0x000000009c100000, 0x000000009c100000| Untracked 
| 450|0x000000009c200000, 0x000000009c200000, 0x000000009c300000|  0%| F|  |TAMS 0x000000009c200000, 0x000000009c200000| Untracked 
| 451|0x000000009c300000, 0x000000009c300000, 0x000000009c400000|  0%| F|  |TAMS 0x000000009c300000, 0x000000009c300000| Untracked 
| 452|0x000000009c400000, 0x000000009c400000, 0x000000009c500000|  0%| F|  |TAMS 0x000000009c400000, 0x000000009c400000| Untracked 
| 453|0x000000009c500000, 0x000000009c500000, 0x000000009c600000|  0%| F|  |TAMS 0x000000009c500000, 0x000000009c500000| Untracked 
| 454|0x000000009c600000, 0x000000009c600000, 0x000000009c700000|  0%| F|  |TAMS 0x000000009c600000, 0x000000009c600000| Untracked 
| 455|0x000000009c700000, 0x000000009c700000, 0x000000009c800000|  0%| F|  |TAMS 0x000000009c700000, 0x000000009c700000| Untracked 
| 456|0x000000009c800000, 0x000000009c800000, 0x000000009c900000|  0%| F|  |TAMS 0x000000009c800000, 0x000000009c800000| Untracked 
| 457|0x000000009c900000, 0x000000009c900000, 0x000000009ca00000|  0%| F|  |TAMS 0x000000009c900000, 0x000000009c900000| Untracked 
| 458|0x000000009ca00000, 0x000000009ca00000, 0x000000009cb00000|  0%| F|  |TAMS 0x000000009ca00000, 0x000000009ca00000| Untracked 
| 459|0x000000009cb00000, 0x000000009cb00000, 0x000000009cc00000|  0%| F|  |TAMS 0x000000009cb00000, 0x000000009cb00000| Untracked 
| 460|0x000000009cc00000, 0x000000009cc00000, 0x000000009cd00000|  0%| F|  |TAMS 0x000000009cc00000, 0x000000009cc00000| Untracked 
| 461|0x000000009cd00000, 0x000000009cd00000, 0x000000009ce00000|  0%| F|  |TAMS 0x000000009cd00000, 0x000000009cd00000| Untracked 
| 462|0x000000009ce00000, 0x000000009ce00000, 0x000000009cf00000|  0%| F|  |TAMS 0x000000009ce00000, 0x000000009ce00000| Untracked 
| 463|0x000000009cf00000, 0x000000009cf00000, 0x000000009d000000|  0%| F|  |TAMS 0x000000009cf00000, 0x000000009cf00000| Untracked 
| 464|0x000000009d000000, 0x000000009d000000, 0x000000009d100000|  0%| F|  |TAMS 0x000000009d000000, 0x000000009d000000| Untracked 
| 465|0x000000009d100000, 0x000000009d100000, 0x000000009d200000|  0%| F|  |TAMS 0x000000009d100000, 0x000000009d100000| Untracked 
| 466|0x000000009d200000, 0x000000009d200000, 0x000000009d300000|  0%| F|  |TAMS 0x000000009d200000, 0x000000009d200000| Untracked 
| 467|0x000000009d300000, 0x000000009d300000, 0x000000009d400000|  0%| F|  |TAMS 0x000000009d300000, 0x000000009d300000| Untracked 
| 468|0x000000009d400000, 0x000000009d400000, 0x000000009d500000|  0%| F|  |TAMS 0x000000009d400000, 0x000000009d400000| Untracked 
| 469|0x000000009d500000, 0x000000009d500000, 0x000000009d600000|  0%| F|  |TAMS 0x000000009d500000, 0x000000009d500000| Untracked 
| 470|0x000000009d600000, 0x000000009d600000, 0x000000009d700000|  0%| F|  |TAMS 0x000000009d600000, 0x000000009d600000| Untracked 
| 471|0x000000009d700000, 0x000000009d700000, 0x000000009d800000|  0%| F|  |TAMS 0x000000009d700000, 0x000000009d700000| Untracked 
| 472|0x000000009d800000, 0x000000009d800000, 0x000000009d900000|  0%| F|  |TAMS 0x000000009d800000, 0x000000009d800000| Untracked 
| 473|0x000000009d900000, 0x000000009d900000, 0x000000009da00000|  0%| F|  |TAMS 0x000000009d900000, 0x000000009d900000| Untracked 
| 474|0x000000009da00000, 0x000000009da00000, 0x000000009db00000|  0%| F|  |TAMS 0x000000009da00000, 0x000000009da00000| Untracked 
| 475|0x000000009db00000, 0x000000009db00000, 0x000000009dc00000|  0%| F|  |TAMS 0x000000009db00000, 0x000000009db00000| Untracked 
| 476|0x000000009dc00000, 0x000000009dc00000, 0x000000009dd00000|  0%| F|  |TAMS 0x000000009dc00000, 0x000000009dc00000| Untracked 
| 477|0x000000009dd00000, 0x000000009dd00000, 0x000000009de00000|  0%| F|  |TAMS 0x000000009dd00000, 0x000000009dd00000| Untracked 
| 478|0x000000009de00000, 0x000000009de00000, 0x000000009df00000|  0%| F|  |TAMS 0x000000009de00000, 0x000000009de00000| Untracked 
| 479|0x000000009df00000, 0x000000009df00000, 0x000000009e000000|  0%| F|  |TAMS 0x000000009df00000, 0x000000009df00000| Untracked 
| 480|0x000000009e000000, 0x000000009e000000, 0x000000009e100000|  0%| F|  |TAMS 0x000000009e000000, 0x000000009e000000| Untracked 
| 481|0x000000009e100000, 0x000000009e100000, 0x000000009e200000|  0%| F|  |TAMS 0x000000009e100000, 0x000000009e100000| Untracked 
| 482|0x000000009e200000, 0x000000009e200000, 0x000000009e300000|  0%| F|  |TAMS 0x000000009e200000, 0x000000009e200000| Untracked 
| 483|0x000000009e300000, 0x000000009e300000, 0x000000009e400000|  0%| F|  |TAMS 0x000000009e300000, 0x000000009e300000| Untracked 
| 484|0x000000009e400000, 0x000000009e400000, 0x000000009e500000|  0%| F|  |TAMS 0x000000009e400000, 0x000000009e400000| Untracked 
| 485|0x000000009e500000, 0x000000009e500000, 0x000000009e600000|  0%| F|  |TAMS 0x000000009e500000, 0x000000009e500000| Untracked 
| 486|0x000000009e600000, 0x000000009e600000, 0x000000009e700000|  0%| F|  |TAMS 0x000000009e600000, 0x000000009e600000| Untracked 
| 487|0x000000009e700000, 0x000000009e700000, 0x000000009e800000|  0%| F|  |TAMS 0x000000009e700000, 0x000000009e700000| Untracked 
| 488|0x000000009e800000, 0x000000009e800000, 0x000000009e900000|  0%| F|  |TAMS 0x000000009e800000, 0x000000009e800000| Untracked 
| 489|0x000000009e900000, 0x000000009e900000, 0x000000009ea00000|  0%| F|  |TAMS 0x000000009e900000, 0x000000009e900000| Untracked 
| 490|0x000000009ea00000, 0x000000009ea00000, 0x000000009eb00000|  0%| F|  |TAMS 0x000000009ea00000, 0x000000009ea00000| Untracked 
| 491|0x000000009eb00000, 0x000000009eb00000, 0x000000009ec00000|  0%| F|  |TAMS 0x000000009eb00000, 0x000000009eb00000| Untracked 
| 492|0x000000009ec00000, 0x000000009ec00000, 0x000000009ed00000|  0%| F|  |TAMS 0x000000009ec00000, 0x000000009ec00000| Untracked 
| 493|0x000000009ed00000, 0x000000009ed00000, 0x000000009ee00000|  0%| F|  |TAMS 0x000000009ed00000, 0x000000009ed00000| Untracked 
| 494|0x000000009ee00000, 0x000000009ee00000, 0x000000009ef00000|  0%| F|  |TAMS 0x000000009ee00000, 0x000000009ee00000| Untracked 
| 495|0x000000009ef00000, 0x000000009ef00000, 0x000000009f000000|  0%| F|  |TAMS 0x000000009ef00000, 0x000000009ef00000| Untracked 
| 496|0x000000009f000000, 0x000000009f000000, 0x000000009f100000|  0%| F|  |TAMS 0x000000009f000000, 0x000000009f000000| Untracked 
| 497|0x000000009f100000, 0x000000009f100000, 0x000000009f200000|  0%| F|  |TAMS 0x000000009f100000, 0x000000009f100000| Untracked 
| 498|0x000000009f200000, 0x000000009f200000, 0x000000009f300000|  0%| F|  |TAMS 0x000000009f200000, 0x000000009f200000| Untracked 
| 499|0x000000009f300000, 0x000000009f300000, 0x000000009f400000|  0%| F|  |TAMS 0x000000009f300000, 0x000000009f300000| Untracked 
| 500|0x000000009f400000, 0x000000009f400000, 0x000000009f500000|  0%| F|  |TAMS 0x000000009f400000, 0x000000009f400000| Untracked 
| 501|0x000000009f500000, 0x000000009f500000, 0x000000009f600000|  0%| F|  |TAMS 0x000000009f500000, 0x000000009f500000| Untracked 
| 502|0x000000009f600000, 0x000000009f600000, 0x000000009f700000|  0%| F|  |TAMS 0x000000009f600000, 0x000000009f600000| Untracked 
| 503|0x000000009f700000, 0x000000009f700000, 0x000000009f800000|  0%| F|  |TAMS 0x000000009f700000, 0x000000009f700000| Untracked 
| 504|0x000000009f800000, 0x000000009f800000, 0x000000009f900000|  0%| F|  |TAMS 0x000000009f800000, 0x000000009f800000| Untracked 
| 505|0x000000009f900000, 0x000000009f900000, 0x000000009fa00000|  0%| F|  |TAMS 0x000000009f900000, 0x000000009f900000| Untracked 
| 506|0x000000009fa00000, 0x000000009fa00000, 0x000000009fb00000|  0%| F|  |TAMS 0x000000009fa00000, 0x000000009fa00000| Untracked 
| 507|0x000000009fb00000, 0x000000009fb00000, 0x000000009fc00000|  0%| F|  |TAMS 0x000000009fb00000, 0x000000009fb00000| Untracked 
| 508|0x000000009fc00000, 0x000000009fc9d850, 0x000000009fd00000| 61%| E|  |TAMS 0x000000009fc00000, 0x000000009fc00000| Complete 
| 509|0x000000009fd00000, 0x000000009fe00000, 0x000000009fe00000|100%| E|CS|TAMS 0x000000009fd00000, 0x000000009fd00000| Complete 
| 510|0x000000009fe00000, 0x000000009ff00000, 0x000000009ff00000|100%| E|CS|TAMS 0x000000009fe00000, 0x000000009fe00000| Complete 
| 511|0x000000009ff00000, 0x00000000a0000000, 0x00000000a0000000|100%| E|CS|TAMS 0x000000009ff00000, 0x000000009ff00000| Complete 
| 512|0x00000000a0000000, 0x00000000a0100000, 0x00000000a0100000|100%| E|CS|TAMS 0x00000000a0000000, 0x00000000a0000000| Complete 
| 513|0x00000000a0100000, 0x00000000a0200000, 0x00000000a0200000|100%| E|CS|TAMS 0x00000000a0100000, 0x00000000a0100000| Complete 
| 514|0x00000000a0200000, 0x00000000a0300000, 0x00000000a0300000|100%| E|CS|TAMS 0x00000000a0200000, 0x00000000a0200000| Complete 
| 515|0x00000000a0300000, 0x00000000a0400000, 0x00000000a0400000|100%| E|CS|TAMS 0x00000000a0300000, 0x00000000a0300000| Complete 
| 516|0x00000000a0400000, 0x00000000a0500000, 0x00000000a0500000|100%| E|CS|TAMS 0x00000000a0400000, 0x00000000a0400000| Complete 
| 517|0x00000000a0500000, 0x00000000a0600000, 0x00000000a0600000|100%| E|CS|TAMS 0x00000000a0500000, 0x00000000a0500000| Complete 
| 518|0x00000000a0600000, 0x00000000a0700000, 0x00000000a0700000|100%| E|CS|TAMS 0x00000000a0600000, 0x00000000a0600000| Complete 
| 519|0x00000000a0700000, 0x00000000a0800000, 0x00000000a0800000|100%| E|CS|TAMS 0x00000000a0700000, 0x00000000a0700000| Complete 
| 520|0x00000000a0800000, 0x00000000a0900000, 0x00000000a0900000|100%| E|CS|TAMS 0x00000000a0800000, 0x00000000a0800000| Complete 
| 521|0x00000000a0900000, 0x00000000a0a00000, 0x00000000a0a00000|100%| E|CS|TAMS 0x00000000a0900000, 0x00000000a0900000| Complete 
| 522|0x00000000a0a00000, 0x00000000a0b00000, 0x00000000a0b00000|100%| E|CS|TAMS 0x00000000a0a00000, 0x00000000a0a00000| Complete 
| 523|0x00000000a0b00000, 0x00000000a0c00000, 0x00000000a0c00000|100%| E|CS|TAMS 0x00000000a0b00000, 0x00000000a0b00000| Complete 
| 524|0x00000000a0c00000, 0x00000000a0d00000, 0x00000000a0d00000|100%| E|CS|TAMS 0x00000000a0c00000, 0x00000000a0c00000| Complete 
| 525|0x00000000a0d00000, 0x00000000a0e00000, 0x00000000a0e00000|100%| E|CS|TAMS 0x00000000a0d00000, 0x00000000a0d00000| Complete 
| 526|0x00000000a0e00000, 0x00000000a0f00000, 0x00000000a0f00000|100%| E|CS|TAMS 0x00000000a0e00000, 0x00000000a0e00000| Complete 

Card table byte_map: [0x00000204fe4a0000,0x00000204fe8a0000] _byte_map_base: 0x00000204fe0a0000

Marking Bits (Prev, Next): (CMBitMap*) 0x00000204e463cfb0, (CMBitMap*) 0x00000204e463cf70
 Prev Bits: [0x0000020482000000, 0x0000020484000000)
 Next Bits: [0x0000020480000000, 0x0000020482000000)

Polling page: 0x00000204e4290000

Metaspace:

Usage:
  Non-class:    167.02 MB used.
      Class:     25.38 MB used.
       Both:    192.40 MB used.

Virtual space:
  Non-class space:      192.00 MB reserved,     168.06 MB ( 88%) committed,  3 nodes.
      Class space:      416.00 MB reserved,      26.38 MB (  6%) committed,  1 nodes.
             Both:      608.00 MB reserved,     194.44 MB ( 32%) committed. 

Chunk freelists:
   Non-Class:  7.62 MB
       Class:  5.67 MB
        Both:  13.30 MB

MaxMetaspaceSize: 512.00 MB
CompressedClassSpaceSize: 416.00 MB
Initial GC threshold: 21.00 MB
Current GC threshold: 225.00 MB
CDS: on
MetaspaceReclaimPolicy: balanced
 - commit_granule_bytes: 65536.
 - commit_granule_words: 8192.
 - virtual_space_node_default_size: 8388608.
 - enlarge_chunks_in_place: 1.
 - new_chunks_are_fully_committed: 0.
 - uncommit_free_chunks: 1.
 - use_allocation_guard: 0.
 - handle_deallocations: 1.


Internal statistics:

num_allocs_failed_limit: 9.
num_arena_births: 3170.
num_arena_deaths: 0.
num_vsnodes_births: 4.
num_vsnodes_deaths: 0.
num_space_committed: 3107.
num_space_uncommitted: 0.
num_chunks_returned_to_freelist: 9.
num_chunks_taken_from_freelist: 11967.
num_chunk_merges: 9.
num_chunk_splits: 7794.
num_chunks_enlarged: 5018.
num_inconsistent_stats: 0.

CodeHeap 'non-profiled nmethods': size=118848Kb used=20621Kb max_used=20621Kb free=98226Kb
 bounds [0x00000204f5230000, 0x00000204f6660000, 0x00000204fc640000]
CodeHeap 'profiled nmethods': size=118848Kb used=51946Kb max_used=51946Kb free=66901Kb
 bounds [0x00000204ed640000, 0x00000204f0900000, 0x00000204f4a50000]
CodeHeap 'non-nmethods': size=8064Kb used=3738Kb max_used=4917Kb free=4325Kb
 bounds [0x00000204f4a50000, 0x00000204f4f30000, 0x00000204f5230000]
 total_blobs=27261 nmethods=26074 adapters=1096
 compilation: enabled
              stopped_count=0, restarted_count=0
 full_count=0

Compilation events (20 events):
Event: 150.130 Thread 0x00000204b5510f50 nmethod 32449 0x00000204f08f4810 code [0x00000204f08f49a0, 0x00000204f08f4ae8]
Event: 150.130 Thread 0x00000204b55114a0 32453       3       org.jetbrains.kotlin.psi.stubs.impl.KotlinStubBaseImpl::getStubType (11 bytes)
Event: 150.130 Thread 0x00000204b5510f50 32454       3       com.intellij.psi.stubs.StubBase::getStubType (12 bytes)
Event: 150.131 Thread 0x00000204b55104b0 nmethod 32451 0x00000204f08f4b90 code [0x00000204f08f4d60, 0x00000204f08f5108]
Event: 150.131 Thread 0x00000204b55104b0 32455       3       com.intellij.psi.stubs.StubList::getStubType (12 bytes)
Event: 150.131 Thread 0x0000020486922a00 nmethod 32452 0x00000204f08f5210 code [0x00000204f08f53c0, 0x00000204f08f5608]
Event: 150.132 Thread 0x0000020486922a00 32456       3       com.intellij.psi.tree.IElementType::find (42 bytes)
Event: 150.132 Thread 0x00000204b5510f50 nmethod 32454 0x00000204f08f5790 code [0x00000204f08f5960, 0x00000204f08f5eb8]
Event: 150.133 Thread 0x00000204b55114a0 nmethod 32453 0x00000204f08f6090 code [0x00000204f08f62c0, 0x00000204f08f6be8]
Event: 150.134 Thread 0x00000204b55104b0 nmethod 32455 0x00000204f08f8690 code [0x00000204f08f8860, 0x00000204f08f8cb8]
Event: 150.134 Thread 0x00000204b5510a00 nmethod 32450 0x00000204f08f6f10 code [0x00000204f08f71e0, 0x00000204f08f80d8]
Event: 150.135 Thread 0x0000020486922a00 nmethod 32456 0x00000204f08f8e90 code [0x00000204f08f9100, 0x00000204f08f9be8]
Event: 151.151 Thread 0x00000204b5510a00 32457       1       org.gradle.launcher.daemon.server.expiry.DaemonExpirationResult::getStatus (5 bytes)
Event: 151.151 Thread 0x00000204b5510a00 nmethod 32457 0x00000204f6651d10 code [0x00000204f6651ea0, 0x00000204f6651f78]
Event: 151.154 Thread 0x00000204b5510f50 32458       1       java.nio.channels.FileLock::isShared (5 bytes)
Event: 151.154 Thread 0x00000204b5510f50 nmethod 32458 0x00000204f6652010 code [0x00000204f66521a0, 0x00000204f6652278]
Event: 151.155 Thread 0x00000204b5510f50 32459       3       org.gradle.internal.serialize.InputStreamBackedDecoder::readBoolean (8 bytes)
Event: 151.155 Thread 0x00000204b5510f50 nmethod 32459 0x00000204f08f9f90 code [0x00000204f08fa160, 0x00000204f08fa4f8]
Event: 151.155 Thread 0x0000020486922a00 32460       3       org.gradle.internal.serialize.InputStreamBackedDecoder::readString (8 bytes)
Event: 151.155 Thread 0x0000020486922a00 nmethod 32460 0x00000204f08fa690 code [0x00000204f08fa840, 0x00000204f08fa9e8]

GC Heap History (20 events):
Event: 129.995 GC heap before
{Heap before GC invocations=69 (full 0):
 garbage-first heap   total 475136K, used 400500K [0x0000000080000000, 0x0000000100000000)
  region size 1024K, 83 young (84992K), 8 survivors (8192K)
 Metaspace       used 130989K, committed 132608K, reserved 557056K
  class space    used 17704K, committed 18496K, reserved 425984K
}
Event: 130.001 GC heap after
{Heap after GC invocations=70 (full 0):
 garbage-first heap   total 475136K, used 325845K [0x0000000080000000, 0x0000000100000000)
  region size 1024K, 10 young (10240K), 10 survivors (10240K)
 Metaspace       used 130989K, committed 132608K, reserved 557056K
  class space    used 17704K, committed 18496K, reserved 425984K
}
Event: 133.947 GC heap before
{Heap before GC invocations=70 (full 0):
 garbage-first heap   total 475136K, used 343253K [0x0000000080000000, 0x0000000100000000)
  region size 1024K, 27 young (27648K), 10 survivors (10240K)
 Metaspace       used 136459K, committed 138176K, reserved 557056K
  class space    used 18355K, committed 19200K, reserved 425984K
}
Event: 133.955 GC heap after
{Heap after GC invocations=71 (full 0):
 garbage-first heap   total 475136K, used 330739K [0x0000000080000000, 0x0000000100000000)
  region size 1024K, 9 young (9216K), 9 survivors (9216K)
 Metaspace       used 136459K, committed 138176K, reserved 557056K
  class space    used 18355K, committed 19200K, reserved 425984K
}
Event: 135.338 GC heap before
{Heap before GC invocations=72 (full 0):
 garbage-first heap   total 539648K, used 389107K [0x0000000080000000, 0x0000000100000000)
  region size 1024K, 82 young (83968K), 9 survivors (9216K)
 Metaspace       used 139517K, committed 141248K, reserved 557056K
  class space    used 18675K, committed 19520K, reserved 425984K
}
Event: 135.343 GC heap after
{Heap after GC invocations=73 (full 0):
 garbage-first heap   total 539648K, used 316184K [0x0000000080000000, 0x0000000100000000)
  region size 1024K, 7 young (7168K), 7 survivors (7168K)
 Metaspace       used 139517K, committed 141248K, reserved 557056K
  class space    used 18675K, committed 19520K, reserved 425984K
}
Event: 135.476 GC heap before
{Heap before GC invocations=73 (full 0):
 garbage-first heap   total 539648K, used 334616K [0x0000000080000000, 0x0000000100000000)
  region size 1024K, 26 young (26624K), 7 survivors (7168K)
 Metaspace       used 139645K, committed 141376K, reserved 557056K
  class space    used 18696K, committed 19520K, reserved 425984K
}
Event: 135.484 GC heap after
{Heap after GC invocations=74 (full 0):
 garbage-first heap   total 539648K, used 272672K [0x0000000080000000, 0x0000000100000000)
  region size 1024K, 4 young (4096K), 4 survivors (4096K)
 Metaspace       used 139645K, committed 141376K, reserved 557056K
  class space    used 18696K, committed 19520K, reserved 425984K
}
Event: 136.075 GC heap before
{Heap before GC invocations=74 (full 0):
 garbage-first heap   total 539648K, used 430368K [0x0000000080000000, 0x0000000100000000)
  region size 1024K, 159 young (162816K), 4 survivors (4096K)
 Metaspace       used 140583K, committed 142272K, reserved 557056K
  class space    used 18801K, committed 19648K, reserved 425984K
}
Event: 136.081 GC heap after
{Heap after GC invocations=75 (full 0):
 garbage-first heap   total 539648K, used 282467K [0x0000000080000000, 0x0000000100000000)
  region size 1024K, 14 young (14336K), 14 survivors (14336K)
 Metaspace       used 140583K, committed 142272K, reserved 557056K
  class space    used 18801K, committed 19648K, reserved 425984K
}
Event: 137.688 GC heap before
{Heap before GC invocations=75 (full 0):
 garbage-first heap   total 539648K, used 436067K [0x0000000080000000, 0x0000000100000000)
  region size 1024K, 165 young (168960K), 14 survivors (14336K)
 Metaspace       used 145531K, committed 147328K, reserved 557056K
  class space    used 19479K, committed 20352K, reserved 425984K
}
Event: 137.696 GC heap after
{Heap after GC invocations=76 (full 0):
 garbage-first heap   total 539648K, used 288487K [0x0000000080000000, 0x0000000100000000)
  region size 1024K, 16 young (16384K), 16 survivors (16384K)
 Metaspace       used 145531K, committed 147328K, reserved 557056K
  class space    used 19479K, committed 20352K, reserved 425984K
}
Event: 139.285 GC heap before
{Heap before GC invocations=76 (full 0):
 garbage-first heap   total 539648K, used 442087K [0x0000000080000000, 0x0000000100000000)
  region size 1024K, 167 young (171008K), 16 survivors (16384K)
 Metaspace       used 157190K, committed 159040K, reserved 622592K
  class space    used 21129K, committed 22016K, reserved 425984K
}
Event: 139.294 GC heap after
{Heap after GC invocations=77 (full 0):
 garbage-first heap   total 539648K, used 293644K [0x0000000080000000, 0x0000000100000000)
  region size 1024K, 14 young (14336K), 14 survivors (14336K)
 Metaspace       used 157190K, committed 159040K, reserved 622592K
  class space    used 21129K, committed 22016K, reserved 425984K
}
Event: 141.909 GC heap before
{Heap before GC invocations=77 (full 0):
 garbage-first heap   total 539648K, used 449292K [0x0000000080000000, 0x0000000100000000)
  region size 1024K, 165 young (168960K), 14 survivors (14336K)
 Metaspace       used 166063K, committed 168000K, reserved 622592K
  class space    used 22119K, committed 23040K, reserved 425984K
}
Event: 141.918 GC heap after
{Heap after GC invocations=78 (full 0):
 garbage-first heap   total 539648K, used 299763K [0x0000000080000000, 0x0000000100000000)
  region size 1024K, 12 young (12288K), 12 survivors (12288K)
 Metaspace       used 166063K, committed 168000K, reserved 622592K
  class space    used 22119K, committed 23040K, reserved 425984K
}
Event: 143.329 GC heap before
{Heap before GC invocations=78 (full 0):
 garbage-first heap   total 539648K, used 461554K [0x0000000080000000, 0x0000000100000000)
  region size 1024K, 161 young (164864K), 12 survivors (12288K)
 Metaspace       used 178756K, committed 180864K, reserved 622592K
  class space    used 23403K, committed 24384K, reserved 425984K
}
Event: 143.337 GC heap after
{Heap after GC invocations=79 (full 0):
 garbage-first heap   total 539648K, used 315562K [0x0000000080000000, 0x0000000100000000)
  region size 1024K, 21 young (21504K), 21 survivors (21504K)
 Metaspace       used 178756K, committed 180864K, reserved 622592K
  class space    used 23403K, committed 24384K, reserved 425984K
}
Event: 149.707 GC heap before
{Heap before GC invocations=79 (full 0):
 garbage-first heap   total 539648K, used 458921K [0x0000000080000000, 0x0000000100000000)
  region size 1024K, 157 young (160768K), 21 survivors (21504K)
 Metaspace       used 193612K, committed 195712K, reserved 622592K
  class space    used 25217K, committed 26176K, reserved 425984K
}
Event: 149.720 GC heap after
{Heap after GC invocations=80 (full 0):
 garbage-first heap   total 539648K, used 332883K [0x0000000080000000, 0x0000000100000000)
  region size 1024K, 17 young (17408K), 17 survivors (17408K)
 Metaspace       used 193612K, committed 195712K, reserved 622592K
  class space    used 25217K, committed 26176K, reserved 425984K
}

Deoptimization events (20 events):
Event: 150.028 Thread 0x00000204ad7862a0 DEOPT PACKING pc=0x00000204f664f090 sp=0x000000d1c2afccd0
Event: 150.028 Thread 0x00000204ad7862a0 DEOPT UNPACKING pc=0x00000204f4aa23a3 sp=0x000000d1c2afcc60 mode 2
Event: 150.033 Thread 0x00000204ad7862a0 Uncommon trap: trap_request=0xffffffde fr.pc=0x00000204f664e308 relative=0x0000000000000168
Event: 150.034 Thread 0x00000204ad7862a0 Uncommon trap: reason=class_check action=maybe_recompile pc=0x00000204f664e308 method=org.jetbrains.kotlin.analysis.decompiler.stub.ClsStubBuildingKt.createModifierListStub$lambda$5(Ljava/util/Collection;Lorg/jetbrains/kotlin/lexer/KtModifierKeywordToken;
Event: 150.034 Thread 0x00000204ad7862a0 DEOPT PACKING pc=0x00000204f664e308 sp=0x000000d1c2afbe60
Event: 150.034 Thread 0x00000204ad7862a0 DEOPT UNPACKING pc=0x00000204f4aa23a3 sp=0x000000d1c2afbd80 mode 2
Event: 150.034 Thread 0x00000204ad7862a0 Uncommon trap: trap_request=0xffffffde fr.pc=0x00000204f664e308 relative=0x0000000000000168
Event: 150.034 Thread 0x00000204ad7862a0 Uncommon trap: reason=class_check action=maybe_recompile pc=0x00000204f664e308 method=org.jetbrains.kotlin.analysis.decompiler.stub.ClsStubBuildingKt.createModifierListStub$lambda$5(Ljava/util/Collection;Lorg/jetbrains/kotlin/lexer/KtModifierKeywordToken;
Event: 150.034 Thread 0x00000204ad7862a0 DEOPT PACKING pc=0x00000204f664e308 sp=0x000000d1c2afbe60
Event: 150.034 Thread 0x00000204ad7862a0 DEOPT UNPACKING pc=0x00000204f4aa23a3 sp=0x000000d1c2afbd80 mode 2
Event: 150.035 Thread 0x00000204ad7862a0 Uncommon trap: trap_request=0xffffffde fr.pc=0x00000204f664e308 relative=0x0000000000000168
Event: 150.035 Thread 0x00000204ad7862a0 Uncommon trap: reason=class_check action=maybe_recompile pc=0x00000204f664e308 method=org.jetbrains.kotlin.analysis.decompiler.stub.ClsStubBuildingKt.createModifierListStub$lambda$5(Ljava/util/Collection;Lorg/jetbrains/kotlin/lexer/KtModifierKeywordToken;
Event: 150.035 Thread 0x00000204ad7862a0 DEOPT PACKING pc=0x00000204f664e308 sp=0x000000d1c2afbe60
Event: 150.035 Thread 0x00000204ad7862a0 DEOPT UNPACKING pc=0x00000204f4aa23a3 sp=0x000000d1c2afbd80 mode 2
Event: 150.035 Thread 0x00000204ad7862a0 Uncommon trap: trap_request=0xffffffde fr.pc=0x00000204f664e308 relative=0x0000000000000168
Event: 150.035 Thread 0x00000204ad7862a0 Uncommon trap: reason=class_check action=maybe_recompile pc=0x00000204f664e308 method=org.jetbrains.kotlin.analysis.decompiler.stub.ClsStubBuildingKt.createModifierListStub$lambda$5(Ljava/util/Collection;Lorg/jetbrains/kotlin/lexer/KtModifierKeywordToken;
Event: 150.036 Thread 0x00000204ad7862a0 DEOPT PACKING pc=0x00000204f664e308 sp=0x000000d1c2afbe60
Event: 150.036 Thread 0x00000204ad7862a0 DEOPT UNPACKING pc=0x00000204f4aa23a3 sp=0x000000d1c2afbd80 mode 2
Event: 151.151 Thread 0x00000204a8605c50 DEOPT PACKING pc=0x00000204eea60e84 sp=0x000000d1a69ff1c0
Event: 151.151 Thread 0x00000204a8605c50 DEOPT UNPACKING pc=0x00000204f4aa2b43 sp=0x000000d1a69fe680 mode 0

Classes unloaded (0 events):
No events

Classes redefined (0 events):
No events

Internal exceptions (20 events):
Event: 148.887 Thread 0x00000204ad7862a0 Exception <a 'sun/nio/fs/WindowsException'{0x000000009def19b8}> (0x000000009def19b8) 
thrown [s\open\src\hotspot\share\prims\jni.cpp, line 516]
Event: 148.887 Thread 0x00000204ad7862a0 Exception <a 'sun/nio/fs/WindowsException'{0x000000009def2638}> (0x000000009def2638) 
thrown [s\open\src\hotspot\share\prims\jni.cpp, line 516]
Event: 148.887 Thread 0x00000204ad7862a0 Exception <a 'sun/nio/fs/WindowsException'{0x000000009def32a8}> (0x000000009def32a8) 
thrown [s\open\src\hotspot\share\prims\jni.cpp, line 516]
Event: 148.887 Thread 0x00000204ad7862a0 Exception <a 'sun/nio/fs/WindowsException'{0x000000009def3fd8}> (0x000000009def3fd8) 
thrown [s\open\src\hotspot\share\prims\jni.cpp, line 516]
Event: 148.892 Thread 0x00000204ad7862a0 Exception <a 'sun/nio/fs/WindowsException'{0x000000009dd24ed8}> (0x000000009dd24ed8) 
thrown [s\open\src\hotspot\share\prims\jni.cpp, line 516]
Event: 148.892 Thread 0x00000204ad7862a0 Exception <a 'sun/nio/fs/WindowsException'{0x000000009dd25a00}> (0x000000009dd25a00) 
thrown [s\open\src\hotspot\share\prims\jni.cpp, line 516]
Event: 148.892 Thread 0x00000204ad7862a0 Exception <a 'sun/nio/fs/WindowsException'{0x000000009dd26690}> (0x000000009dd26690) 
thrown [s\open\src\hotspot\share\prims\jni.cpp, line 516]
Event: 148.893 Thread 0x00000204ad7862a0 Exception <a 'sun/nio/fs/WindowsException'{0x000000009dd273d8}> (0x000000009dd273d8) 
thrown [s\open\src\hotspot\share\prims\jni.cpp, line 516]
Event: 148.893 Thread 0x00000204ad7862a0 Exception <a 'sun/nio/fs/WindowsException'{0x000000009dd28be0}> (0x000000009dd28be0) 
thrown [s\open\src\hotspot\share\prims\jni.cpp, line 516]
Event: 148.893 Thread 0x00000204ad7862a0 Exception <a 'sun/nio/fs/WindowsException'{0x000000009dd29850}> (0x000000009dd29850) 
thrown [s\open\src\hotspot\share\prims\jni.cpp, line 516]
Event: 148.893 Thread 0x00000204ad7862a0 Exception <a 'sun/nio/fs/WindowsException'{0x000000009dd2a598}> (0x000000009dd2a598) 
thrown [s\open\src\hotspot\share\prims\jni.cpp, line 516]
Event: 148.893 Thread 0x00000204ad7862a0 Exception <a 'sun/nio/fs/WindowsException'{0x000000009dd2b358}> (0x000000009dd2b358) 
thrown [s\open\src\hotspot\share\prims\jni.cpp, line 516]
Event: 148.893 Thread 0x00000204ad7862a0 Exception <a 'sun/nio/fs/WindowsException'{0x000000009dd2c1b8}> (0x000000009dd2c1b8) 
thrown [s\open\src\hotspot\share\prims\jni.cpp, line 516]
Event: 148.894 Thread 0x00000204ad7862a0 Exception <a 'sun/nio/fs/WindowsException'{0x000000009dd2ef68}> (0x000000009dd2ef68) 
thrown [s\open\src\hotspot\share\prims\jni.cpp, line 516]
Event: 148.894 Thread 0x00000204ad7862a0 Exception <a 'sun/nio/fs/WindowsException'{0x000000009dd30078}> (0x000000009dd30078) 
thrown [s\open\src\hotspot\share\prims\jni.cpp, line 516]
Event: 148.894 Thread 0x00000204ad7862a0 Exception <a 'sun/nio/fs/WindowsException'{0x000000009dd30d50}> (0x000000009dd30d50) 
thrown [s\open\src\hotspot\share\prims\jni.cpp, line 516]
Event: 148.894 Thread 0x00000204ad7862a0 Exception <a 'sun/nio/fs/WindowsException'{0x000000009dd31b88}> (0x000000009dd31b88) 
thrown [s\open\src\hotspot\share\prims\jni.cpp, line 516]
Event: 148.894 Thread 0x00000204ad7862a0 Exception <a 'sun/nio/fs/WindowsException'{0x000000009dd32a70}> (0x000000009dd32a70) 
thrown [s\open\src\hotspot\share\prims\jni.cpp, line 516]
Event: 149.294 Thread 0x00000204ad7862a0 Exception <a 'java/lang/NoSuchMethodError'{0x0000000099146188}: 'java.lang.Object java.lang.invoke.Invokers$Holder.invokeExact_MT(java.lang.Object, java.lang.Object, long, java.lang.Object)'> (0x0000000099146188) 
thrown [s\open\src\hotspot\share\interpreter\linkResolver.cpp, line 759]
Event: 149.398 Thread 0x00000204ad7862a0 Exception <a 'java/lang/NoSuchMethodError'{0x0000000098f4a530}: 'int java.lang.invoke.DirectMethodHandle$Holder.invokeSpecial(java.lang.Object, java.lang.Object, int, int)'> (0x0000000098f4a530) 
thrown [s\open\src\hotspot\share\interpreter\linkResolver.cpp, line 759]

VM Operations (20 events):
Event: 143.489 Executing VM operation: HandshakeAllThreads
Event: 143.489 Executing VM operation: HandshakeAllThreads done
Event: 143.492 Executing VM operation: HandshakeAllThreads
Event: 143.493 Executing VM operation: HandshakeAllThreads done
Event: 143.594 Executing VM operation: HandshakeAllThreads
Event: 143.595 Executing VM operation: HandshakeAllThreads done
Event: 144.595 Executing VM operation: Cleanup
Event: 144.595 Executing VM operation: Cleanup done
Event: 146.597 Executing VM operation: Cleanup
Event: 146.597 Executing VM operation: Cleanup done
Event: 148.810 Executing VM operation: HandshakeAllThreads
Event: 148.811 Executing VM operation: HandshakeAllThreads done
Event: 149.236 Executing VM operation: HandshakeAllThreads
Event: 149.237 Executing VM operation: HandshakeAllThreads done
Event: 149.237 Executing VM operation: Cleanup
Event: 149.237 Executing VM operation: Cleanup done
Event: 149.707 Executing VM operation: G1CollectForAllocation
Event: 149.720 Executing VM operation: G1CollectForAllocation done
Event: 150.720 Executing VM operation: Cleanup
Event: 150.721 Executing VM operation: Cleanup done

Events (20 events):
Event: 149.092 loading class java/beans/ChangeListenerMap
Event: 149.092 loading class java/beans/ChangeListenerMap done
Event: 149.092 loading class java/beans/PropertyChangeSupport$PropertyChangeListenerMap done
Event: 149.306 Thread 0x00000204aae1a000 Thread exited: 0x00000204aae1a000
Event: 149.348 Thread 0x00000204ae31b5b0 Thread added: 0x00000204ae31b5b0
Event: 149.356 Thread 0x00000204b8b9f770 Thread added: 0x00000204b8b9f770
Event: 149.424 Thread 0x00000204aa0afa80 Thread added: 0x00000204aa0afa80
Event: 149.818 Thread 0x00000204aa0afa80 Thread exited: 0x00000204aa0afa80
Event: 149.877 Thread 0x00000204b8b9f770 Thread exited: 0x00000204b8b9f770
Event: 149.877 Thread 0x00000204ae31b5b0 Thread exited: 0x00000204ae31b5b0
Event: 149.880 Thread 0x00000204aae15050 Thread exited: 0x00000204aae15050
Event: 149.973 Thread 0x00000204aa0b0a70 Thread added: 0x00000204aa0b0a70
Event: 149.981 Thread 0x00000204ad5f2080 Thread added: 0x00000204ad5f2080
Event: 149.993 Thread 0x00000204b97724e0 Thread added: 0x00000204b97724e0
Event: 150.125 loading class java/util/AbstractList$SubList
Event: 150.125 loading class java/util/AbstractList$SubList done
Event: 150.125 loading class java/util/AbstractList$SubList$1
Event: 150.126 loading class java/util/AbstractList$SubList$1 done
Event: 151.151 Thread 0x00000204b55114a0 Thread exited: 0x00000204b55114a0
Event: 151.230 Thread 0x00000204b9771f90 Thread added: 0x00000204b9771f90


Dynamic libraries:
0x00007ff63bf30000 - 0x00007ff63bf40000 	D:\java\jdk17\bin\java.exe
0x00007ffab2180000 - 0x00007ffab23e9000 	C:\WINDOWS\SYSTEM32\ntdll.dll
0x00007ffab0130000 - 0x00007ffab01f9000 	C:\WINDOWS\System32\KERNEL32.DLL
0x00007ffaaf6c0000 - 0x00007ffaafab3000 	C:\WINDOWS\System32\KERNELBASE.dll
0x00007ffaafac0000 - 0x00007ffaafc0b000 	C:\WINDOWS\System32\ucrtbase.dll
0x00007ffaa14e0000 - 0x00007ffaa14f9000 	D:\java\jdk17\bin\jli.dll
0x00007ffaa09e0000 - 0x00007ffaa09fb000 	D:\java\jdk17\bin\VCRUNTIME140.dll
0x00007ffab1990000 - 0x00007ffab1a44000 	C:\WINDOWS\System32\ADVAPI32.dll
0x00007ffab1a50000 - 0x00007ffab1af9000 	C:\WINDOWS\System32\msvcrt.dll
0x00007ffab0680000 - 0x00007ffab0726000 	C:\WINDOWS\System32\sechost.dll
0x00007ffab0810000 - 0x00007ffab0928000 	C:\WINDOWS\System32\RPCRT4.dll
0x00007ffab0bf0000 - 0x00007ffab0db4000 	C:\WINDOWS\System32\USER32.dll
0x00007ffaaf5f0000 - 0x00007ffaaf617000 	C:\WINDOWS\System32\win32u.dll
0x00007ffab0e00000 - 0x00007ffab0e2b000 	C:\WINDOWS\System32\GDI32.dll
0x00007ffa88c30000 - 0x00007ffa88ec3000 	C:\WINDOWS\WinSxS\amd64_microsoft.windows.common-controls_6595b64144ccf1df_6.0.26100.5074_none_3e0d6f78e32fd63f\COMCTL32.dll
0x00007ffaafd90000 - 0x00007ffaafebd000 	C:\WINDOWS\System32\gdi32full.dll
0x00007ffaaf480000 - 0x00007ffaaf523000 	C:\WINDOWS\System32\msvcp_win.dll
0x00007ffaa3ea0000 - 0x00007ffaa3eab000 	C:\WINDOWS\SYSTEM32\VERSION.dll
0x00007ffab0dc0000 - 0x00007ffab0def000 	C:\WINDOWS\System32\IMM32.DLL
0x00007ffaa5160000 - 0x00007ffaa516c000 	D:\java\jdk17\bin\vcruntime140_1.dll
0x00007ffa8ea60000 - 0x00007ffa8eaee000 	D:\java\jdk17\bin\msvcp140.dll
0x00007ffa140e0000 - 0x00007ffa14cc1000 	D:\java\jdk17\bin\server\jvm.dll
0x00007ffab0bd0000 - 0x00007ffab0bd8000 	C:\WINDOWS\System32\PSAPI.DLL
0x00007ffa81cd0000 - 0x00007ffa81cda000 	C:\WINDOWS\SYSTEM32\WSOCK32.dll
0x00007ffaa9f20000 - 0x00007ffaa9f55000 	C:\WINDOWS\SYSTEM32\WINMM.dll
0x00007ffab0b50000 - 0x00007ffab0bc4000 	C:\WINDOWS\System32\WS2_32.dll
0x00007ffaae1d0000 - 0x00007ffaae1eb000 	C:\WINDOWS\SYSTEM32\kernel.appcore.dll
0x00007ffaa1580000 - 0x00007ffaa158a000 	D:\java\jdk17\bin\jimage.dll
0x00007ffaac950000 - 0x00007ffaacb92000 	C:\WINDOWS\SYSTEM32\DBGHELP.DLL
0x00007ffab0300000 - 0x00007ffab067b000 	C:\WINDOWS\System32\combase.dll
0x00007ffab0730000 - 0x00007ffab0807000 	C:\WINDOWS\System32\OLEAUT32.dll
0x00007ffa9bc70000 - 0x00007ffa9bcad000 	C:\WINDOWS\SYSTEM32\dbgcore.DLL
0x00007ffaaf620000 - 0x00007ffaaf6b9000 	C:\WINDOWS\System32\bcryptPrimitives.dll
0x00007ffa9f970000 - 0x00007ffa9f97e000 	D:\java\jdk17\bin\instrument.dll
0x00007ffaa09b0000 - 0x00007ffaa09d5000 	D:\java\jdk17\bin\java.dll
0x00007ffa877c0000 - 0x00007ffa87897000 	D:\java\jdk17\bin\jsvml.dll
0x00007ffab1000000 - 0x00007ffab174d000 	C:\WINDOWS\System32\SHELL32.dll
0x00007ffaaf310000 - 0x00007ffaaf47c000 	C:\WINDOWS\System32\wintypes.dll
0x00007ffaacf50000 - 0x00007ffaad7a9000 	C:\WINDOWS\SYSTEM32\windows.storage.dll
0x00007ffab1750000 - 0x00007ffab1840000 	C:\WINDOWS\System32\SHCORE.dll
0x00007ffab0290000 - 0x00007ffab02f2000 	C:\WINDOWS\System32\shlwapi.dll
0x00007ffaaf230000 - 0x00007ffaaf259000 	C:\WINDOWS\SYSTEM32\profapi.dll
0x00007ffa9fdf0000 - 0x00007ffa9fe08000 	D:\java\jdk17\bin\zip.dll
0x00007ffaa0450000 - 0x00007ffaa0469000 	D:\java\jdk17\bin\net.dll
0x00007ffaa4390000 - 0x00007ffaa44af000 	C:\WINDOWS\SYSTEM32\WINHTTP.dll
0x00007ffaae730000 - 0x00007ffaae79b000 	C:\WINDOWS\system32\mswsock.dll
0x00007ffa9fe10000 - 0x00007ffa9fe26000 	D:\java\jdk17\bin\nio.dll
0x00007ffaa09a0000 - 0x00007ffaa09b0000 	D:\java\jdk17\bin\verify.dll
0x00007ffa26820000 - 0x00007ffa26847000 	C:\Users\34975\.gradle\native\1def1411415f61bf3af743bc5b6707747c0891f09f0c88961ee8f79bc544acac\windows-amd64\native-platform.dll
0x00007ffa87740000 - 0x00007ffa877b8000 	C:\Users\34975\.gradle\native\0.2.7\x86_64-windows-gnu\gradle-fileevents.dll
0x00007ffa9fde0000 - 0x00007ffa9fdea000 	D:\java\jdk17\bin\management.dll
0x00007ffa9fdd0000 - 0x00007ffa9fddb000 	D:\java\jdk17\bin\management_ext.dll
0x00007ffaadb90000 - 0x00007ffaadbc4000 	C:\WINDOWS\SYSTEM32\IPHLPAPI.DLL
0x00007ffab0ff0000 - 0x00007ffab0ffa000 	C:\WINDOWS\System32\NSI.dll
0x00007ffaa5940000 - 0x00007ffaa595e000 	C:\WINDOWS\SYSTEM32\dhcpcsvc6.DLL
0x00007ffaa5690000 - 0x00007ffaa56b3000 	C:\WINDOWS\SYSTEM32\dhcpcsvc.DLL
0x00007ffaadc30000 - 0x00007ffaadd56000 	C:\WINDOWS\SYSTEM32\DNSAPI.dll
0x00007ffaaea10000 - 0x00007ffaaea2b000 	C:\WINDOWS\SYSTEM32\CRYPTSP.dll
0x00007ffaae130000 - 0x00007ffaae16b000 	C:\WINDOWS\system32\rsaenh.dll
0x00007ffaae7d0000 - 0x00007ffaae7fb000 	C:\WINDOWS\SYSTEM32\USERENV.dll
0x00007ffaaf200000 - 0x00007ffaaf226000 	C:\WINDOWS\SYSTEM32\bcrypt.dll
0x00007ffaae970000 - 0x00007ffaae97c000 	C:\WINDOWS\SYSTEM32\CRYPTBASE.dll
0x00007ffa9ef80000 - 0x00007ffa9ef8e000 	D:\java\jdk17\bin\sunmscapi.dll
0x00007ffaafc10000 - 0x00007ffaafd87000 	C:\WINDOWS\System32\CRYPT32.dll
0x00007ffaaec50000 - 0x00007ffaaec80000 	C:\WINDOWS\SYSTEM32\ncrypt.dll
0x00007ffaaec00000 - 0x00007ffaaec3f000 	C:\WINDOWS\SYSTEM32\NTASN1.dll
0x00007ffa76aa0000 - 0x00007ffa76aa8000 	C:\WINDOWS\system32\wshunix.dll
0x00007ffa83f20000 - 0x00007ffa83f38000 	C:\WINDOWS\system32\napinsp.dll
0x00007ffa83ed0000 - 0x00007ffa83ee2000 	C:\WINDOWS\System32\winrnr.dll
0x00007ffa83ea0000 - 0x00007ffa83ec8000 	C:\WINDOWS\system32\nlansp_c.dll
0x00007ffaa4120000 - 0x00007ffaa4136000 	C:\WINDOWS\system32\wshbth.dll
0x00007ffaa4cb0000 - 0x00007ffaa4cbb000 	C:\Windows\System32\rasadhlp.dll
0x00007ffaa6180000 - 0x00007ffaa6206000 	C:\WINDOWS\System32\fwpuclnt.dll
0x00007ffaae2f0000 - 0x00007ffaae326000 	C:\WINDOWS\SYSTEM32\ntmarta.dll
0x00007ffaa5790000 - 0x00007ffaa5797000 	D:\java\jdk17\bin\rmi.dll

dbghelp: loaded successfully - version: 4.0.5 - missing functions: none
symbol engine: initialized successfully - sym options: 0x614 - pdb path: .;D:\java\jdk17\bin;C:\WINDOWS\SYSTEM32;C:\WINDOWS\WinSxS\amd64_microsoft.windows.common-controls_6595b64144ccf1df_6.0.26100.5074_none_3e0d6f78e32fd63f;D:\java\jdk17\bin\server;C:\Users\34975\.gradle\native\1def1411415f61bf3af743bc5b6707747c0891f09f0c88961ee8f79bc544acac\windows-amd64;C:\Users\34975\.gradle\native\0.2.7\x86_64-windows-gnu

VM Arguments:
jvm_args: --add-opens=java.base/java.lang=ALL-UNNAMED --add-opens=java.base/java.lang.invoke=ALL-UNNAMED --add-opens=java.base/java.util=ALL-UNNAMED --add-opens=java.prefs/java.util.prefs=ALL-UNNAMED --add-exports=jdk.compiler/com.sun.tools.javac.api=ALL-UNNAMED --add-exports=jdk.compiler/com.sun.tools.javac.util=ALL-UNNAMED --add-opens=java.base/java.util=ALL-UNNAMED --add-opens=java.prefs/java.util.prefs=ALL-UNNAMED --add-opens=java.base/java.nio.charset=ALL-UNNAMED --add-opens=java.base/java.net=ALL-UNNAMED --add-opens=java.base/java.util.concurrent.atomic=ALL-UNNAMED --add-opens=java.xml/javax.xml.namespace=ALL-UNNAMED -XX:MaxMetaspaceSize=512m -Xmx2048m -Dfile.encoding=GBK -Duser.country=CN -Duser.language=zh -Duser.variant -javaagent:C:\Users\34975\.gradle\wrapper\dists\gradle-8.13-bin\5xuhj0ry160q40clulazy9h7d\gradle-8.13\lib\agents\gradle-instrumentation-agent-8.13.jar 
java_command: org.gradle.launcher.daemon.bootstrap.GradleDaemon 8.13
java_class_path (initial): C:\Users\34975\.gradle\wrapper\dists\gradle-8.13-bin\5xuhj0ry160q40clulazy9h7d\gradle-8.13\lib\gradle-daemon-main-8.13.jar
Launcher Type: SUN_STANDARD

[Global flags]
     intx CICompilerCount                          = 15                                        {product} {ergonomic}
   size_t CompressedClassSpaceSize                 = 436207616                                 {product} {ergonomic}
     uint ConcGCThreads                            = 6                                         {product} {ergonomic}
     uint G1ConcRefinementThreads                  = 23                                        {product} {ergonomic}
   size_t G1HeapRegionSize                         = 1048576                                   {product} {ergonomic}
    uintx GCDrainStackTargetSize                   = 64                                        {product} {ergonomic}
   size_t InitialHeapSize                          = 264241152                                 {product} {ergonomic}
   size_t MarkStackSize                            = 4194304                                   {product} {ergonomic}
   size_t MaxHeapSize                              = 2147483648                                {product} {command line}
   size_t MaxMetaspaceSize                         = 536870912                                 {product} {command line}
   size_t MaxNewSize                               = 1287651328                                {product} {ergonomic}
   size_t MinHeapDeltaBytes                        = 1048576                                   {product} {ergonomic}
   size_t MinHeapSize                              = 8388608                                   {product} {ergonomic}
    uintx NonNMethodCodeHeapSize                   = 8192380                                {pd product} {ergonomic}
    uintx NonProfiledCodeHeapSize                  = 121732930                              {pd product} {ergonomic}
    uintx ProfiledCodeHeapSize                     = 121732930                              {pd product} {ergonomic}
    uintx ReservedCodeCacheSize                    = 251658240                              {pd product} {ergonomic}
     bool SegmentedCodeCache                       = true                                      {product} {ergonomic}
   size_t SoftMaxHeapSize                          = 2147483648                             {manageable} {ergonomic}
     bool UseCompressedClassPointers               = true                           {product lp64_product} {ergonomic}
     bool UseCompressedOops                        = true                           {product lp64_product} {ergonomic}
     bool UseG1GC                                  = true                                      {product} {ergonomic}
     bool UseLargePagesIndividualAllocation        = false                                  {pd product} {ergonomic}

Logging:
Log output configuration:
 #0: stdout all=warning uptime,level,tags
 #1: stderr all=off uptime,level,tags

Environment Variables:
JAVA_HOME=D:\java\jdk17
CLASSPATH=D:\tec_share\monorepo1\apps\app-rn\android\\gradle\wrapper\gradle-wrapper.jar
PATH=C:\Windows\system32;c:\Users\34975\AppData\Local\Programs\cursor\resources\app\bin;C:\Program Files\Common Files\Oracle\Java\javapath;D:\Pycharm\Scripts\;C:\Program Files\Java\jdk-11.0.15.1;D:\Pycharm\;D:\虚拟机\bin\;C:\windows;C:\windows\System32\Wbem;C:\windows\System32\WindowsPowerShell\v1.0\;C:\windows\System32\OpenSSH\;C:\Program Files (x86)\NVIDIA Corporation\PhysX\Common;C:\Program Files\NVIDIA Corporation\NVIDIA NvDLISR;C:\Users\Administrator\AppData\Local\Microsoft\WindowsApps;C:\Program Files\HP\OMEN-Broadcast\Common;D:\maven3.6.3\apache-maven-3.6.3-bin\apache-maven-3.6.3\bin;C:\Program Files\MySQL\MySQL Server 8.0\bin;D:\redis\;D:\C++\mingw64\bin;D:\nvm\nvm;D:\node;C:\Program Files\Google\Chrome\Application;C:\Program Files\Go\bin;D:\node\node_global\node_modules;C:\Program Files (x86)\Tencent\微信web开发者工具\dll;D:\Xsh;ll\;C:\Users\34975\.cargo\bin;C:\Users\34975\anacond;D:\Git\Git\cmd;C:\Program Files\Microsoft SQL Server\150\Tools\Binn\;C:\Program Files\Microsoft SQL Server\Client SDK\ODBC\170\Tools\Binn\;C:\Program Files\dotnet\;%SystemRoot%\system32;%SystemRoot%;%SystemRoot%\System32\Wbem;%SYSTEMROOT%\System32\WindowsPowerShell\v1.0\;%SYSTEMROOT%\System32\OpenSSH\;C:\Users\34975\AppData\Local\pnpm;C:\Users\34975\.cargo\bin;C:\Users\34975\AppData\Local\Microsoft\WindowsApps;C:\Program Files\JetBrains\IntelliJ IDEA 2025.1.1.1\bin;;node_global;D:\软件工具\pycharm\PyCharm 2023.2.1\bin;;D:\nvm\nvm;C:\Program Files\nodejs;C:\Program Files\JetBrains\WebStorm 2024.1.5\bin;;D:\软件工具\CLion 2023.2.2\bin;;D:\软件工具\GoLand 2023.2.4\bin;;C:\Users\34975\go\bin;D:\node\node_global;D:\软件工具\DevEco Studio\bin;;D:\harmonyOs\commandline-tools-windows-2.0.0.2\command-line-tools\ohpm\bin;D:\软件工具\RustRover 241.15989.180\bin;;D:\thingsborad\monitor\ffmpeg-7.0.1-essentials_build\ffmpeg-7.0.1-essentials_build\bin;C:\Users\34975\AppData\Local\Android\Sdk\platform-tools;C:\Users\34975\AppData\Local\Programs\Windsurf\bin;D:\flutter\flutter_windows_3.27.1-stable\f
USERNAME=34975
LANG=en_US.UTF-8
OS=Windows_NT
PROCESSOR_IDENTIFIER=Intel64 Family 6 Model 183 Stepping 1, GenuineIntel



---------------  S Y S T E M  ---------------

OS:
 Windows 11 , 64 bit Build 26100 (10.0.26100.5074)
OS uptime: 10 days 4:44 hours
Hyper-V role detected

CPU: total 32 (initial active 32) (16 cores per cpu, 2 threads per core) family 6 model 183 stepping 1 microcode 0x129, cx8, cmov, fxsr, ht, mmx, 3dnowpref, sse, sse2, sse3, ssse3, sse4.1, sse4.2, popcnt, lzcnt, tsc, tscinvbit, avx, avx2, aes, erms, clmul, bmi1, bmi2, adx, sha, fma, vzeroupper, clflush, clflushopt, clwb, hv

Memory: 4k page, system-wide physical 16077M (1171M free)
TotalPageFile size 65229M (AvailPageFile size 19M)
current process WorkingSet (physical memory assigned to process): 1114M, peak: 1128M
current process commit charge ("private bytes"): 1196M, peak: 1216M

vm_info: Java HotSpot(TM) 64-Bit Server VM (17.0.9+11-LTS-201) for windows-amd64 JRE (17.0.9+11-LTS-201), built on Oct 10 2023 23:16:06 by "mach5one" with MS VC++ 17.1 (VS2022)

END.
